ID,Image,SpecID,Skull,Order_05,Suborder_05,Family_05,Genus_05,Subgenus_05,Species_05,Subspecies_05,Binomial_05,Trinomial_05
1,'AMNH_161526_cr_dr_1A_26_04_2013.TIF',AMNH_161526,Y,Afrosoricida,Chrysochloridea,Chrysochloridae,Chlorotalpa,,duthieae,,Chlorotalpa_duthieae,
2,'AMNH_161527_cr_dr_1A_26_04_2013.TIF',AMNH_161527,Y,Afrosoricida,Chrysochloridea,Chrysochloridae,Chlorotalpa,,duthieae,,Chlorotalpa_duthieae,
3,'AMNH_161559_cr_dr_1A_26_04_2013.TIF',AMNH_161559,Y,Afrosoricida,Chrysochloridea,Chrysochloridae,Eremitalpa,,granti,granti,Eremitalpa_granti,Eremitalpa_granti_granti
4,'AMNH_161571_cr_dr_1A_26_04_2013.TIF',AMNH_161571,Y,Afrosoricida,Chrysochloridea,Chrysochloridae,Eremitalpa,,granti,granti,Eremitalpa_granti,Eremitalpa_granti_granti
5,'AMNH_167961_cr_dr_1A_26_04_2013.TIF',AMNH_167961,Y,Afrosoricida,Chrysochloridea,Chrysochloridae,Chrysochloris,,asiatica,,Chrysochloris_asiatica,
6,'AMNH_180911_cr_dr_1A_26_04_2013.TIF',AMNH_180911,Y,Afrosoricida,Chrysochloridea,Chrysochloridae,Chrysochloris,Kilimatalpa,stuhlmanni,,Chrysochloris_stuhlmanni,
7,'AMNH_180912_cr_dr_1A_26_04_2013.TIF',AMNH_180912,Y,Afrosoricida,Chrysochloridea,Chrysochloridae,Chrysochloris,Kilimatalpa,stuhlmanni,,Chrysochloris_stuhlmanni,
8,'AMNH_212938_cr_dr_1A_25_04_2013.TIF',AMNH_212938,Y,Afrosoricida,Tenrecomorpha,Tenrecidae,Hemicentetes,,semispinosus,,Hemicentetes_semispinosus,
9,'AMNH_274982_cr_dr_1A_22_04_2013.TIF',AMNH_274982,Y,Afrosoricida,Tenrecomorpha,Tenrecidae,Microgale,,jobihely,,Microgale_jobihely,
10,'AMNH_274986_cr_dr_1A_22_04_2013.TIF',AMNH_274986,Y,Afrosoricida,Tenrecomorpha,Tenrecidae,Microgale,,jobihely,,Microgale_jobihely,
11,'AMNH_274987_cr_dr_1A_22_04_2013.TIF',AMNH_274987,Y,Afrosoricida,Tenrecomorpha,Tenrecidae,Microgale,,jobihely,,Microgale_jobihely,
12,'AMNH_274988_cr_dr_1A_22_04_2013.TIF',AMNH_274988,Y,Afrosoricida,Tenrecomorpha,Tenrecidae,Microgale,,jobihely,,Microgale_jobihely,
13,'AMNH_274989_cr_dr_1A_22_04_2013.TIF',AMNH_274989,Y,Afrosoricida,Tenrecomorpha,Tenrecidae,Microgale,,jobihely,,Microgale_jobihely,
14,'AMNH_275041_cr_dr_1A_23_04_2013.TIF',AMNH_275041,Y,Afrosoricida,Tenrecomorpha,Tenrecidae,Microgale,,soricoides,,Microgale_soricoides,
15,'AMNH_275088_cr_dr_1A_24_04_2013.TIF',AMNH_275088,Y,Afrosoricida,Tenrecomorpha,Tenrecidae,Microgale,,drouhardi,,Microgale_drouhardi,
16,'AMNH_275089_cr_dr_1A_24_04_2013.TIF',AMNH_275089,Y,Afrosoricida,Tenrecomorpha,Tenrecidae,Microgale,,drouhardi,,Microgale_drouhardi,
17,'AMNH_275090_cr_dr_1A_24_04_2013.TIF',AMNH_275090,Y,Afrosoricida,Tenrecomorpha,Tenrecidae,Microgale,,drouhardi,,Microgale_drouhardi,
18,'AMNH_275092_cr_dr_1A_24_04_2013.TIF',AMNH_275092,Y,Afrosoricida,Tenrecomorpha,Tenrecidae,Microgale,,drouhardi,,Microgale_drouhardi,
19,'AMNH_275095_cr_dr_1A_24_04_2013.TIF',AMNH_275095,Y,Afrosoricida,Tenrecomorpha,Tenrecidae,Microgale,,drouhardi,,Microgale_drouhardi,
20,'AMNH_275133_cr_dr_1A_24_04_2013.TIF',AMNH_275133,Y,Afrosoricida,Tenrecomorpha,Tenrecidae,Microgale,,fotsifotsy,,Microgale_fotsifotsy,
21,'AMNH_275134_cr_dr_1A_22_04_2013.TIF',AMNH_275134,Y,Afrosoricida,Tenrecomorpha,Tenrecidae,Microgale,,gymnorhyncha,,Microgale_gymnorhyncha,
22,'AMNH_275135_cr_dr_1A_22_04_2013.TIF',AMNH_275135,Y,Afrosoricida,Tenrecomorpha,Tenrecidae,Microgale,,gymnorhyncha,,Microgale_gymnorhyncha,
23,'AMNH_275136_cr_dr_1A_22_04_2013.TIF',AMNH_275136,Y,Afrosoricida,Tenrecomorpha,Tenrecidae,Microgale,,gymnorhyncha,,Microgale_gymnorhyncha,
24,'AMNH_275137_cr_dr_1A_22_04_2013.TIF',AMNH_275137,Y,Afrosoricida,Tenrecomorpha,Tenrecidae,Microgale,,gymnorhyncha,,Microgale_gymnorhyncha,
25,'AMNH_275138_cr_dr_1A_22_04_2013.TIF',AMNH_275138,Y,Afrosoricida,Tenrecomorpha,Tenrecidae,Microgale,,gymnorhyncha,,Microgale_gymnorhyncha,
26,'AMNH_275141_cr_dr_1A_22_04_2013.TIF',AMNH_275141,Y,Afrosoricida,Tenrecomorpha,Tenrecidae,Microgale,,longicaudata,,Microgale_longicaudata,
27,'AMNH_275142_cr_dr_1A_22_04_2013.TIF',AMNH_275142,Y,Afrosoricida,Tenrecomorpha,Tenrecidae,Microgale,,longicaudata,,Microgale_longicaudata,
28,'AMNH_275143_cr_dr_1A_23_04_2013.TIF',AMNH_275143,Y,Afrosoricida,Tenrecomorpha,Tenrecidae,Microgale,,longicaudata,,Microgale_longicaudata,
29,'AMNH_275148_cr_dr_1A_23_04_2013.TIF',AMNH_275148,Y,Afrosoricida,Tenrecomorpha,Tenrecidae,Microgale,,longicaudata,,Microgale_longicaudata,
30,'AMNH_275149_cr_dr_1A_23_04_2013.TIF',AMNH_275149,Y,Afrosoricida,Tenrecomorpha,Tenrecidae,Microgale,,longicaudata,,Microgale_longicaudata,
31,'AMNH_275157_cr_dr_1A_23_04_2013.TIF',AMNH_275157,Y,Afrosoricida,Tenrecomorpha,Tenrecidae,Microgale,,parvula,,Microgale_parvula,
32,'AMNH_275158_cr_dr_1A_23_04_2013.TIF',AMNH_275158,Y,Afrosoricida,Tenrecomorpha,Tenrecidae,Microgale,,soricoides,,Microgale_soricoides,
33,'AMNH_275160_cr_dr_1A_23_04_2013.TIF',AMNH_275160,Y,Afrosoricida,Tenrecomorpha,Tenrecidae,Microgale,,soricoides,,Microgale_soricoides,
34,'AMNH_275162_cr_dr_1A_23_04_2013.TIF',AMNH_275162,Y,Afrosoricida,Tenrecomorpha,Tenrecidae,Microgale,,soricoides,,Microgale_soricoides,
35,'AMNH_275163_cr_dr_1A_23_04_2013.TIF',AMNH_275163,Y,Afrosoricida,Tenrecomorpha,Tenrecidae,Microgale,,soricoides,,Microgale_soricoides,
36,'AMNH_275189_cr_dr_1A_24_04_2013.TIF',AMNH_275189,Y,Afrosoricida,Tenrecomorpha,Tenrecidae,Oryzorictes,,hova,,Oryzorictes_hova,
37,'AMNH_275190_cr_dr_1A_25_04_2013.TIF',AMNH_275190,Y,Afrosoricida,Tenrecomorpha,Tenrecidae,Oryzorictes,,hova,,Oryzorictes_hova,
38,'AMNH_275191_cr_dr_1A_25_04_2013.TIF',AMNH_275191,Y,Afrosoricida,Tenrecomorpha,Tenrecidae,Oryzorictes,,hova,,Oryzorictes_hova,
39,'AMNH_275250_cr_dr_1A_24_04_2013.TIF',AMNH_275250,Y,Afrosoricida,Tenrecomorpha,Tenrecidae,Microgale,,brevicaudata,,Microgale_brevicaudata,
40,'AMNH_275251_cr_dr_1A_24_04_2013.TIF',AMNH_275251,Y,Afrosoricida,Tenrecomorpha,Tenrecidae,Microgale,,brevicaudata,,Microgale_brevicaudata,
41,'AMNH_275253_cr_dr_1A_24_04_2013.TIF',AMNH_275253,Y,Afrosoricida,Tenrecomorpha,Tenrecidae,Microgale,,brevicaudata,,Microgale_brevicaudata,
42,'AMNH_275254_cr_dr_1A_24_04_2013.TIF',AMNH_275254,Y,Afrosoricida,Tenrecomorpha,Tenrecidae,Microgale,,brevicaudata,,Microgale_brevicaudata,
43,'AMNH_275255_cr_dr_1A_24_04_2013.TIF',AMNH_275255,Y,Afrosoricida,Tenrecomorpha,Tenrecidae,Microgale,,brevicaudata,,Microgale_brevicaudata,
44,'AMNH_275281_cr_dr_1A_24_04_2013.TIF',AMNH_275281,Y,Afrosoricida,Tenrecomorpha,Tenrecidae,Microgale,,fotsifotsy,,Microgale_fotsifotsy,
45,'AMNH_275282_cr_dr_1A_24_04_2013.TIF',AMNH_275282,Y,Afrosoricida,Tenrecomorpha,Tenrecidae,Microgale,,fotsifotsy,,Microgale_fotsifotsy,
46,'AMNH_275283_cr_dr_1A_23_04_2013.TIF',AMNH_275283,Y,Afrosoricida,Tenrecomorpha,Tenrecidae,Microgale,,fotsifotsy,,Microgale_fotsifotsy,
47,'AMNH_275298_cr_dr_1A_23_04_2013.TIF',AMNH_275298,Y,Afrosoricida,Tenrecomorpha,Tenrecidae,Microgale,,taiva,,Microgale_taiva,
48,'AMNH_275299_cr_dr_1A_23_04_2013.TIF',AMNH_275299,Y,Afrosoricida,Tenrecomorpha,Tenrecidae,Microgale,,taiva,,Microgale_taiva,
49,'AMNH_275300_cr_dr_1A_23_04_2013.TIF',AMNH_275300,Y,Afrosoricida,Tenrecomorpha,Tenrecidae,Microgale,,taiva,,Microgale_taiva,
50,'AMNH_275301_cr_dr_1A_23_04_2013.TIF',AMNH_275301,Y,Afrosoricida,Tenrecomorpha,Tenrecidae,Microgale,,taiva,,Microgale_taiva,
51,'AMNH_275360_cr_dr_1A_25_04_2013.TIF',AMNH_275360,Y,Afrosoricida,Tenrecomorpha,Tenrecidae,Oryzorictes,,hova,,Oryzorictes_hova,
52,'AMNH_275364_cr_dr_1A_23_04_2013.TIF',AMNH_275364,Y,Afrosoricida,Tenrecomorpha,Tenrecidae,Microgale,,parvula,,Microgale_parvula,
53,'AMNH_275365_cr_dr_1A_23_04_2013.TIF',AMNH_275365,Y,Afrosoricida,Tenrecomorpha,Tenrecidae,Microgale,,parvula,,Microgale_parvula,
54,'AMNH_275368_cr_dr_1A_23_04_2013.TIF',AMNH_275368,Y,Afrosoricida,Tenrecomorpha,Tenrecidae,Microgale,,parvula,,Microgale_parvula,
55,'AMNH_31243_cr_dr_1A_24_04_2013.TIF',AMNH_31243,Y,Afrosoricida,Tenrecomorpha,Tenrecidae,Oryzorictes,,tetradactylus,,Oryzorictes_tetradactylus,
56,'AMNH_31257_cr_dr_1A_24_04_2013.TIF',AMNH_31257,Y,Afrosoricida,Tenrecomorpha,Tenrecidae,Oryzorictes,,tetradactylus,,Oryzorictes_tetradactylus,
57,'AMNH_31270_cr_dr_1A_25_04_2013.TIF',AMNH_31270,Y,Afrosoricida,Tenrecomorpha,Tenrecidae,Echinops,,telfairi,,Echinops_telfairi,
58,'AMNH_34647_cr_dr_1A_25_04_2013.TIF',AMNH_34647,Y,Afrosoricida,Chrysochloridea,Chrysochloridae,Chrysospalax,,trevelyani,,Chrysospalax_trevelyani,
59,'AMNH_51324_cr_dr_1A_25_04_2013.TIF',AMNH_51324,Y,Afrosoricida,Tenrecomorpha,Tenrecidae,Potamogale,,velox,,Potamogale_velox,
60,'AMNH_51327_cr_dr_1A_25_04_2013.TIF',AMNH_51327,Y,Afrosoricida,Tenrecomorpha,Tenrecidae,Potamogale,,velox,,Potamogale_velox,
61,'AMNH_54365_cr_dr_1A_25_04_2013.TIF',AMNH_54365,Y,Afrosoricida,Chrysochloridea,Chrysochloridae,Chrysospalax,,trevelyani,,Chrysospalax_trevelyani,
62,'AMNH_82399_cr_dr_1A_26_04_2013.TIF',AMNH_82399,Y,Afrosoricida,Chrysochloridea,Chrysochloridae,Chrysochloris,Kilimatalpa,stuhlmanni,,Chrysochloris_stuhlmanni,
63,'AMNH_89040_cr_dr_1A_25_04_2013.TIF',AMNH_89040,Y,Afrosoricida,Chrysochloridea,Chrysochloridae,Chrysospalax,,trevelyani,,Chrysospalax_trevelyani,
64,'AMNH_89046_cr_dr_1A_26_04_2013.TIF',AMNH_89046,Y,Afrosoricida,Chrysochloridea,Chrysochloridae,Cryptochloris,,wintoni,,Cryptochloris_wintoni,
65,'FMNH_106727_cr_dr_1A_25_09_2013.TIF',FMNH_106727,Y,Erinaceomorpha,,Erinaceidae,Paraechinus,,aethiopicus,deserti,Paraechinus_aethiopicus,Paraechinus_aethiopicus_deserti
66,'FMNH_134445_cr_dr_1A_27_09_2013.TIF',FMNH_134445,Y,Soricomorpha,,Talpidae,Condylura,,cristata,,Condylura_cristata,
67,'FMNH_153667_cr_dr_1A_27_09_2013.TIF',FMNH_153667,Y,Soricomorpha,,Soricidae,Neomys,,fodiens,,Neomys_fodiens,
68,'FMNH_153673_cr_dr_1A_30_09_2013.TIF',FMNH_153673,Y,Soricomorpha,,Soricidae,Crocidura,,russula,,Crocidura_russula,
69,'FMNH_153674_cr_dr_1A_30_09_2013.TIF',FMNH_153674,Y,Soricomorpha,,Soricidae,Crocidura,,russula,,Crocidura_russula,
70,'FMNH_153675_cr_dr_1A_30_09_2013.TIF',FMNH_153675,Y,Soricomorpha,,Soricidae,Crocidura,,russula,,Crocidura_russula,
71,'FMNH_153787_cr_dr_1A_27_09_2013.TIF',FMNH_153787,Y,Soricomorpha,,Talpidae,Condylura,,cristata,,Condylura_cristata,
72,'FMNH_156226_cr_dr_1A_01_10_2013.TIF',FMNH_156226,Y,Afrosoricida,Tenrecomorpha,Tenrecidae,Oryzorictes,,tetradactylus,,Oryzorictes_tetradactylus,
73,'FMNH_159672_cr_dr_1A_18_09_2013.TIF',FMNH_159672,Y,Afrosoricida,Tenrecomorpha,Tenrecidae,Microgale,,monticola,,Microgale_monticola,
74,'FMNH_159673_cr_dr_1A_18_09_2013.TIF',FMNH_159673,Y,Afrosoricida,Tenrecomorpha,Tenrecidae,Microgale,,monticola,,Microgale_monticola,
75,'FMNH_159674_cr_dr_1A_18_09_2013.TIF',FMNH_159674,Y,Afrosoricida,Tenrecomorpha,Tenrecidae,Microgale,,monticola,,Microgale_monticola,
76,'FMNH_159675_cr_dr_1A_18_09_2013.TIF',FMNH_159675,Y,Afrosoricida,Tenrecomorpha,Tenrecidae,Microgale,,monticola,,Microgale_monticola,
77,'FMNH_159676_cr_dr_1A_18_09_2013.TIF',FMNH_159676,Y,Afrosoricida,Tenrecomorpha,Tenrecidae,Microgale,,monticola,,Microgale_monticola,
78,'FMNH_162893_cr_dr_1A_23_09_2013.TIF',FMNH_162893,Y,Afrosoricida,Tenrecomorpha,Tenrecidae,Micropotamogale,,lamottei,,Micropotamogale_lamottei,
79,'FMNH_166040_cr_dr_1A_19_09_2013.TIF',FMNH_166040,Y,Afrosoricida,Tenrecomorpha,Tenrecidae,Microgale,,pusilla,,Microgale_pusilla,
80,'FMNH_166111_cr_dr_1A_18_09_2013.TIF',FMNH_166111,Y,Afrosoricida,Tenrecomorpha,Tenrecidae,Microgale,,gracilis,,Microgale_gracilis,
81,'FMNH_166112_cr_dr_1A_18_09_2013.TIF',FMNH_166112,Y,Afrosoricida,Tenrecomorpha,Tenrecidae,Microgale,,gracilis,,Microgale_gracilis,
82,'FMNH_166113_cr_dr_1A_18_09_2013.TIF',FMNH_166113,Y,Afrosoricida,Tenrecomorpha,Tenrecidae,Microgale,,gracilis,,Microgale_gracilis,
83,'FMNH_166145_cr_dr_1A_18_09_2013.TIF',FMNH_166145,Y,Afrosoricida,Tenrecomorpha,Tenrecidae,Microgale,,gracilis,,Microgale_gracilis,
84,'FMNH_167427_cr_dr_1A_17_09_2013.TIF',FMNH_167427,Y,Afrosoricida,Tenrecomorpha,Tenrecidae,Microgale,,dryas,,Microgale_dryas,
85,'FMNH_167621_cr_dr_1A_01_10_2013.TIF',FMNH_167621,Y,Afrosoricida,Tenrecomorpha,Tenrecidae,Microgale,,pusilla,,Microgale_pusilla,
86,'FMNH_173146_cr_dr_1A_30_09_2013.TIF',FMNH_173146,Y,Soricomorpha,,Soricidae,Suncus,,madagascariensis,,Suncus_madagascariensis,
87,'FMNH_173148_cr_dr_1A_30_09_2013.TIF',FMNH_173148,Y,Soricomorpha,,Soricidae,Suncus,,madagascariensis,,Suncus_madagascariensis,
88,'FMNH_173149_cr_dr_1A_30_09_2013.TIF',FMNH_173149,Y,Soricomorpha,,Soricidae,Suncus,,madagascariensis,,Suncus_madagascariensis,
89,'FMNH_176203_cr_dr_1A_17_09_2013.TIF',FMNH_176203,Y,Afrosoricida,Tenrecomorpha,Tenrecidae,Geogale,,aurita,,Geogale_aurita,
90,'FMNH_176204_cr_dr_1A_17_09_2013.TIF',FMNH_176204,Y,Afrosoricida,Tenrecomorpha,Tenrecidae,Geogale,,aurita,,Geogale_aurita,
91,'FMNH_176211_cr_dr_1A_17_09_2013.TIF',FMNH_176211,Y,Afrosoricida,Tenrecomorpha,Tenrecidae,Geogale,,aurita,,Geogale_aurita,
92,'FMNH_176385_cr_dr_1A_17_09_2013.TIF',FMNH_176385,Y,Afrosoricida,Tenrecomorpha,Tenrecidae,Microgale,,dryas,,Microgale_dryas,
93,'FMNH_176387_cr_dr_1A_17_09_2013.TIF',FMNH_176387,Y,Afrosoricida,Tenrecomorpha,Tenrecidae,Microgale,,dryas,,Microgale_dryas,
94,'FMNH_176389_cr_dr_1A_17_09_2013.TIF',FMNH_176389,Y,Afrosoricida,Tenrecomorpha,Tenrecidae,Microgale,,dryas,,Microgale_dryas,
95,'FMNH_176395_cr_dr_1A_17_09_2013.TIF',FMNH_176395,Y,Afrosoricida,Tenrecomorpha,Tenrecidae,Microgale,,dryas,,Microgale_dryas,
96,'FMNH_206739_cr_dr_1A_26_09_2013.TIF',FMNH_206739,Y,Soricomorpha,,Talpidae,Neurotrichus,,gibbsii,minor,Neurotrichus_gibbsii,Neurotrichus_gibbsii_minor
97,'FMNH_209199_cr_dr_1A_19_09_2013.TIF',FMNH_209199,Y,Afrosoricida,Tenrecomorpha,Tenrecidae,Microgale,,grandidieri,,Microgale_grandidieri,
98,'FMNH_209200_cr_dr_1A_19_09_2013.TIF',FMNH_209200,Y,Afrosoricida,Tenrecomorpha,Tenrecidae,Microgale,,grandidieri,,Microgale_grandidieri,
99,'FMNH_209201_cr_dr_1A_19_09_2013.TIF',FMNH_209201,Y,Afrosoricida,Tenrecomorpha,Tenrecidae,Microgale,,grandidieri,,Microgale_grandidieri,
100,'FMNH_209202_cr_dr_1A_19_09_2013.TIF',FMNH_209202,Y,Afrosoricida,Tenrecomorpha,Tenrecidae,Microgale,,grandidieri,,Microgale_grandidieri,
101,'FMNH_209203_cr_dr_1A_19_09_2013.TIF',FMNH_209203,Y,Afrosoricida,Tenrecomorpha,Tenrecidae,Microgale,,grandidieri,,Microgale_grandidieri,
102,'FMNH_23515_cr_dr_1A_30_09_2013.TIF',FMNH_23515,Y,Soricomorpha,,Soricidae,Sorex,,araneus,,Sorex_araneus,
103,'FMNH_35407_cr_dr_1A_27_09_2013.TIF',FMNH_35407,Y,Soricomorpha,,Talpidae,Euroscaptor,,micrura,,Euroscaptor_micrura,
104,'FMNH_35409_cr_dr_1A_27_09_2013.TIF',FMNH_35409,Y,Soricomorpha,,Talpidae,Euroscaptor,,micrura,,Euroscaptor_micrura,
105,'FMNH_38115_cr_dr_1A_26_09_2013.TIF',FMNH_38115,Y,Erinaceomorpha,,Erinaceidae,Atelerix,,frontalis,,Atelerix_frontalis,
106,'FMNH_38116_cr_dr_1A_26_09_2013.TIF',FMNH_38116,Y,Erinaceomorpha,,Erinaceidae,Atelerix,,frontalis,,Atelerix_frontalis,
107,'FMNH_38119_cr_dr_1A_26_09_2013.TIF',FMNH_38119,Y,Erinaceomorpha,,Erinaceidae,Atelerix,,frontalis,,Atelerix_frontalis,
108,'FMNH_53073_cr_dr_1A_23_09_2013.TIF',FMNH_53073,Y,Afrosoricida,Chrysochloridea,Chrysochloridae,Amblysomus,,corriae,,Amblysomus_corriae,
109,'FMNH_68736_cr_dr_1A_25_09_2013.TIF',FMNH_68736,Y,Erinaceomorpha,,Erinaceidae,Echinosorex,,gymnura,alba,Echinosorex_gymnura,Echinosorex_gymnura_alba
110,'FMNH_68740_cr_dr_1A_25_09_2013.TIF',FMNH_68740,Y,Erinaceomorpha,,Erinaceidae,Echinosorex,,gymnura,alba,Echinosorex_gymnura,Echinosorex_gymnura_alba
111,'FMNH_72831_cr_dr_1A_23_09_2013.TIF',FMNH_72831,Y,Afrosoricida,Tenrecomorpha,Tenrecidae,Potamogale,,velox,,Potamogale_velox,
112,'FMNH_74927_cr_dr_1A_25_09_2013.TIF',FMNH_74927,Y,Erinaceomorpha,,Erinaceidae,Paraechinus,,aethiopicus,deserti,Paraechinus_aethiopicus,Paraechinus_aethiopicus_deserti
113,'FMNH_81731_cr_dr_1A_23_09_2013.TIF',FMNH_81731,Y,Afrosoricida,Chrysochloridea,Chrysochloridae,Calcochloris,,leucorhinus,leucorhinus,Calcochloris_leucorhinus,Calcochloris_leucorhinus_leucorhinus
114,'FMNH_82116_cr_dr_1A_25_09_2013.TIF',FMNH_82116,Y,Erinaceomorpha,,Erinaceidae,Erinaceus,,concolor,,Erinaceus_concolor,
115,'FMNH_82118_cr_dr_1A_25_09_2013.TIF',FMNH_82118,Y,Erinaceomorpha,,Erinaceidae,Erinaceus,,concolor,,Erinaceus_concolor,
116,'FMNH_82120_cr_dr_1A_25_09_2013.TIF',FMNH_82120,Y,Erinaceomorpha,,Erinaceidae,Erinaceus,,concolor,,Erinaceus_concolor,
117,'FMNH_82582_cr_dr_1A_27_09_2013.TIF',FMNH_82582,Y,Soricomorpha,,Talpidae,Euroscaptor,,micrura,,Euroscaptor_micrura,
118,'FMNH_83540_cr_dr_1A_23_09_2013.TIF',FMNH_83540,Y,Afrosoricida,Chrysochloridea,Chrysochloridae,Calcochloris,,leucorhinus,leucorhinus,Calcochloris_leucorhinus,Calcochloris_leucorhinus_leucorhinus
119,'FMNH_96419_cr_dr_1A_27_09_2013.TIF',FMNH_96419,Y,Soricomorpha,,Talpidae,Talpa,,caeca,caeca,Talpa_caeca,Talpa_caeca_caeca
120,'FMNH_9725_cr_dr_1A_30_09_2013.TIF',FMNH_9725,Y,Soricomorpha,,Soricidae,Sorex,Otisorex,bendirii,palmeri,Sorex_bendirii,Sorex_bendirii_palmeri
121,'FMNH_98438_cr_dr_1A_26_09_2013.TIF',FMNH_98438,Y,Erinaceomorpha,,Erinaceidae,Hylomys,,suillus,maxi,Hylomys_suillus,Hylomys_suillus_maxi
122,'FMNH_98439_cr_dr_1A_26_09_2013.TIF',FMNH_98439,Y,Erinaceomorpha,,Erinaceidae,Hylomys,,suillus,maxi,Hylomys_suillus,Hylomys_suillus_maxi
123,'MCZ_18134_cr_dr_1A_02_05_2013.TIF',MCZ_18134,Y,Soricomorpha,,Talpidae,Scapanus,,townsendii,,Scapanus_townsendii,
124,'MCZ_18136_cr_dr_1A_02_05_2013.TIF',MCZ_18136,Y,Soricomorpha,,Talpidae,Scapanus,,townsendii,,Scapanus_townsendii,
125,'MCZ_18_cr_dr_1A_29_04_2013.TIF',MCZ_18,Y,Soricomorpha,,Soricidae,Neomys,,fodiens,,Neomys_fodiens,
126,'MCZ_22204_cr_dr_1A_30_04_2013.TIF',MCZ_22204,Y,Erinaceomorpha,,Erinaceidae,Erinaceus,,europaeus,,Erinaceus_europaeus,
127,'MCZ_22206_cr_dr_1A_30_04_2013.TIF',MCZ_22206,Y,Erinaceomorpha,,Erinaceidae,Erinaceus,,europaeus,,Erinaceus_europaeus,
128,'MCZ_22207_cr_dr_1A_30_04_2013.TIF',MCZ_22207,Y,Erinaceomorpha,,Erinaceidae,Erinaceus,,europaeus,,Erinaceus_europaeus,
129,'MCZ_22986_cr_dr_1A_02_05_2013.TIF',MCZ_22986,Y,Erinaceomorpha,,Erinaceidae,Atelerix,,albiventris,,Atelerix_albiventris,
130,'MCZ_23373_cr_dr_1A_29_04_2013.TIF',MCZ_23373,Y,Afrosoricida,Chrysochloridea,Chrysochloridae,Chrysochloris,Kilimatalpa,stuhlmanni,,Chrysochloris_stuhlmanni,
131,'MCZ_26425_cr_dr_1A_02_05_2013.TIF',MCZ_26425,Y,Erinaceomorpha,,Erinaceidae,Atelerix,,albiventris,,Atelerix_albiventris,
132,'MCZ_28159_cr_dr_1A_02_05_2013.TIF',MCZ_28159,Y,Notoryctemorphia,,Notoryctidae,Notoryctes,,typhlops,,Notoryctes_typhlops,
133,'MCZ_29561_cr_dr_1A_02_05_2013.TIF',MCZ_29561,Y,Soricomorpha,,Talpidae,Desmana,,moschata,,Desmana_moschata,
134,'MCZ_32771_cr_dr_1A_02_05_2013.TIF',MCZ_32771,Y,Soricomorpha,,Talpidae,Desmana,,moschata,,Desmana_moschata,
135,'MCZ_32782_cr_dr_1A_29_04_2013.TIF',MCZ_32782,Y,Soricomorpha,,Soricidae,Neomys,,fodiens,,Neomys_fodiens,
136,'MCZ_3286_cr_dr_1A_29_04_2013.TIF',MCZ_3286,Y,Soricomorpha,,Soricidae,Neomys,,fodiens,,Neomys_fodiens,
137,'MCZ_34894_cr_dr_1A_01_05_2013.TIF',MCZ_34894,Y,Soricomorpha,,Soricidae,Neomys,,anomalus,,Neomys_anomalus,
138,'MCZ_34895_cr_dr_1A_01_05_2013.TIF',MCZ_34895,Y,Soricomorpha,,Soricidae,Neomys,,anomalus,,Neomys_anomalus,
139,'MCZ_35359_cr_dr_1A_02_05_2013.TIF',MCZ_35359,Y,Soricomorpha,,Talpidae,Galemys,,pyrenaicus,,Galemys_pyrenaicus,
140,'MCZ_38252_cr_dr_1A_29_04_2013.TIF',MCZ_38252,Y,Erinaceomorpha,,Erinaceidae,Neotetracus,,sinensis,,Neotetracus_sinensis,
141,'MCZ_38261_cr_dr_1A_29_04_2013.TIF',MCZ_38261,Y,Erinaceomorpha,,Erinaceidae,Neotetracus,,sinensis,,Neotetracus_sinensis,
142,'MCZ_38262_cr_dr_1A_29_04_2013.TIF',MCZ_38262,Y,Erinaceomorpha,,Erinaceidae,Neotetracus,,sinensis,,Neotetracus_sinensis,
143,'MCZ_43745_cr_dr_1A_01_05_2013.TIF',MCZ_43745,Y,Soricomorpha,,Soricidae,Crocidura,,fumosa,,Crocidura_fumosa,
144,'MCZ_43746_cr_dr_1A_01_05_2013.TIF',MCZ_43746,Y,Soricomorpha,,Soricidae,Crocidura,,fumosa,,Crocidura_fumosa,
145,'MCZ_43750_cr_dr_1A_01_05_2013.TIF',MCZ_43750,Y,Soricomorpha,,Soricidae,Crocidura,,fumosa,,Crocidura_fumosa,
146,'MCZ_45021_cr_dr_1A_29_04_2013.TIF',MCZ_45021,Y,Afrosoricida,Tenrecomorpha,Tenrecidae,Oryzorictes,,tetradactylus,,Oryzorictes_tetradactylus,
147,'MCZ_45022_cr_dr_1A_29_04_2013.TIF',MCZ_45022,Y,Afrosoricida,Tenrecomorpha,Tenrecidae,Oryzorictes,,tetradactylus,,Oryzorictes_tetradactylus,
148,'MCZ_45033_cr_dr_1A_02_05_2013.TIF',MCZ_45033,Y,Afrosoricida,Tenrecomorpha,Tenrecidae,Microgale,,pusilla,,Microgale_pusilla,
149,'MCZ_45050_cr_dr_1A_29_04_2013.TIF',MCZ_45050,Y,Afrosoricida,Tenrecomorpha,Tenrecidae,Limnogale,,mergulus,,Limnogale_mergulus,
150,'MCZ_45450_cr_dr_1A_29_04_2013.TIF',MCZ_45450,Y,Afrosoricida,Tenrecomorpha,Tenrecidae,Geogale,,aurita,,Geogale_aurita,
151,'MCZ_4836_cr_dr_1A_01_05_2013.TIF',MCZ_4836,Y,Soricomorpha,,Talpidae,Scapanus,,latimanus,,Scapanus_latimanus,
152,'MCZ_56806_cr_dr_1A_02_05_2013.TIF',MCZ_56806,Y,Erinaceomorpha,,Erinaceidae,Atelerix,,albiventris,,Atelerix_albiventris,
153,'MCZ_64784_cr_dr_1A_29_04_2013.TIF',MCZ_64784,Y,Soricomorpha,,Soricidae,Sorex,Otisorex,palustris,albibarbis,Sorex_palustris,Sorex_palustris_albibarbis
154,'MCZ_64793_cr_dr_1A_29_04_2013.TIF',MCZ_64793,Y,Soricomorpha,,Soricidae,Sorex,Otisorex,palustris,albibarbis,Sorex_palustris,Sorex_palustris_albibarbis
155,'MCZ_67217_cr_dr_1A_29_04_2013.TIF',MCZ_67217,Y,Soricomorpha,,Soricidae,Sorex,Otisorex,palustris,albibarbis,Sorex_palustris,Sorex_palustris_albibarbis
156,'MCZ_79_cr_dr_1A_01_05_2013.TIF',MCZ_79,Y,Soricomorpha,,Talpidae,Scapanus,,latimanus,,Scapanus_latimanus,
157,'MCZ_9149_cr_dr_1A_01_05_2013.TIF',MCZ_9149,Y,Soricomorpha,,Talpidae,Scapanus,,latimanus,,Scapanus_latimanus,
158,'NHML_1870.3.10.15_1527.a_cr_dr_1A_02_13.TIF',NHML_1870.3.10.15_1527.a,Y,Afrosoricida,Tenrecomorpha,Tenrecidae,Setifer,,setosus,,Setifer_setosus,
159,'NHML_1919.7.7.2313_cr_dr_1A_01_13.TIF',NHML_1919.7.7.2313,Y,Soricomorpha,,Talpidae,Desmana,,moschata,,Desmana_moschata,
160,'NHML_1934.6.16.2_cr_dr_1A_02_13.TIF',NHML_1934.6.16.2,Y,Afrosoricida,Tenrecomorpha,Tenrecidae,Potamogale,,velox,,Potamogale_velox,
161,'NHML_1958.3.11.7_cr_dr_1A_01_13.TIF',NHML_1958.3.11.7,Y,Soricomorpha,,Talpidae,Scalopus,,aquaticus,,Scalopus_aquaticus,
162,'NHML_1960.10.11.12_cr_dr_1A_01_13.TIF',NHML_1960.10.11.12,Y,Soricomorpha,,Talpidae,Galemys,,pyrenaicus,,Galemys_pyrenaicus,
163,'NHML_1960.5.2.1_cr_dr_1A_02_13.TIF',NHML_1960.5.2.1,Y,Erinaceomorpha,,Erinaceidae,Echinosorex,,gymnura,,Echinosorex_gymnura,
164,'NHML_1960.8.4.7_cr_dr_1A_01_13.TIF',NHML_1960.8.4.7,Y,Erinaceomorpha,,Erinaceidae,Hylomys,,suillus,,Hylomys_suillus,
165,'NHML_1961.6.2.3_cr_dr_1A_01_13.TIF',NHML_1961.6.2.3,Y,Afrosoricida,Chrysochloridea,Chrysochloridae,Chrysospalax,,trevelyani,,Chrysospalax_trevelyani,
166,'NHML_1966.7.6.2_cr_dr_1A_01_13.TIF',NHML_1966.7.6.2,Y,Soricomorpha,,Talpidae,Urotrichus,,talpoides,,Urotrichus_talpoides,
167,'NHML_3.1.1.1_cr_dr_1A_01_13.TIF',NHML_3.1.1.1,Y,Afrosoricida,Tenrecomorpha,Tenrecidae,Geogale,,aurita,,Geogale_aurita,
168,'NHML_3.6.2.10_cr_dr_1A_01_13.TIF',NHML_3.6.2.10,Y,Afrosoricida,Chrysochloridea,Chrysochloridae,Amblysomus,,hottentotus,,Amblysomus_hottentotus,
169,'NHML_3509_cr_dr_1A_02_13.TIF',NHML_3509,Y,Afrosoricida,Tenrecomorpha,Tenrecidae,Tenrec,,ecaudatus,,Tenrec_ecaudatus,
170,'NHML_67.213_cr_dr_1A_02_13.TIF',NHML_67.213,Y,Afrosoricida,Tenrecomorpha,Tenrecidae,Micropotamogale,,ruwenzorii,,Micropotamogale_ruwenzorii,
171,'NHML_73.170_cr_dr_1A_02_13.TIF',NHML_73.170,Y,Afrosoricida,Tenrecomorpha,Tenrecidae,Micropotamogale,,lamottei,,Micropotamogale_lamottei,
172,'NHML_74.668_cr_dr_1A_01_13.TIF',NHML_74.668,Y,Afrosoricida,Chrysochloridea,Chrysochloridae,Chrysochloris,,sp.,,Chrysochloris_sp.,
173,'NHML_75.2223_cr_dr_1A_01_13.TIF',NHML_75.2223,Y,Afrosoricida,Tenrecomorpha,Tenrecidae,Microgale,,cowani,,Microgale_cowani,
174,'NHML_82.3.1.11_cr_dr_1A_01_13.TIF',NHML_82.3.1.11,Y,Afrosoricida,Tenrecomorpha,Tenrecidae,Hemicentetes,,nigriceps,,Hemicentetes_nigriceps,
175,'NHML_98.2.2.8_cr_dr_1A_01_13.TIF',NHML_98.2.2.8,Y,Soricomorpha,,Talpidae,Talpa,,occidentalis,,Talpa_occidentalis,
176,'SI_081981_cr_dr_1A_11_04_2013.TIF',SI_081981,Y,Soricomorpha,,Talpidae,Neurotrichus,,gibbsii,gibbsii,Neurotrichus_gibbsii,Neurotrichus_gibbsii_gibbsii
177,'SI_081984_cr_dr_1A_11_04_2013.TIF',SI_081984,Y,Soricomorpha,,Talpidae,Neurotrichus,,gibbsii,gibbsii,Neurotrichus_gibbsii,Neurotrichus_gibbsii_gibbsii
178,'SI_081985_cr_dr_1A_11_04_2013.TIF',SI_081985,Y,Soricomorpha,,Talpidae,Neurotrichus,,gibbsii,gibbsii,Neurotrichus_gibbsii,Neurotrichus_gibbsii_gibbsii
179,'SI_083658_cr_dr_1A_29_03_2013.TIF',SI_083658,Y,Afrosoricida,Tenrecomorpha,Tenrecidae,Hemicentetes,,semispinosus,,Hemicentetes_semispinosus,
180,'SI_111038_cr_dr_1A_19_04_2013.TIF',SI_111038,Y,Soricomorpha,,Soricidae,Blarina,,brevicauda,,Blarina_brevicauda,
181,'SI_112924_cr_dr_1A_09_04_2013.TIF',SI_112924,Y,Soricomorpha,,Soricidae,Sorex,,alpinus,,Sorex_alpinus,
182,'SI_112929_cr_dr_1A_09_04_2013.TIF',SI_112929,Y,Soricomorpha,,Soricidae,Sorex,,alpinus,,Sorex_alpinus,
183,'SI_112932_cr_dr_1A_09_04_2013.TIF',SI_112932,Y,Soricomorpha,,Soricidae,Sorex,,alpinus,,Sorex_alpinus,
184,'SI_114127_cr_dr_1A_18_04_2013.TIF',SI_114127,Y,Soricomorpha,,Talpidae,Urotrichus,,talpoides,,Urotrichus_talpoides,
185,'SI_115274_cr_dr_1A_16_04_2013.TIF',SI_115274,Y,Soricomorpha,,Talpidae,Talpa,,caeca,caeca,Talpa_caeca,Talpa_caeca_caeca
186,'SI_121210_cr_dr_1A_16_04_2013.TIF',SI_121210,Y,Soricomorpha,,Talpidae,Talpa,,caeca,caeca,Talpa_caeca,Talpa_caeca_caeca
187,'SI_121215_cr_dr_1A_16_04_2013.TIF',SI_121215,Y,Soricomorpha,,Talpidae,Talpa,,caeca,caeca,Talpa_caeca,Talpca_caeca_caeca
188,'SI_131009_cr_dr_1A_09_04_2013.TIF',SI_131009,Y,Soricomorpha,,Soricidae,Sorex,Otisorex,cinereus,cinereus,Sorex_cinereus,Sorex_cinereus_cinereus
189,'SI_131010_cr_dr_1A_09_04_2013.TIF',SI_131010,Y,Soricomorpha,,Soricidae,Sorex,Otisorex,cinereus,cinereus,Sorex_cinereus,Sorex_cinereus_cinereus
190,'SI_131016_cr_dr_1A_09_04_2013.TIF',SI_131016,Y,Soricomorpha,,Soricidae,Sorex,Otisorex,cinereus,cinereus,Sorex_cinereus,Sorex_cinereus_cinereus
191,'SI_135614_cr_dr_1A_19_04_2013.TIF',SI_135614,Y,Soricomorpha,,Soricidae,Blarina,,brevicauda,talpoides,Blarina_brevicauda,Blarina_brevicauda_talpoides
192,'SI_135621_cr_dr_1A_19_04_2013.TIF',SI_135621,Y,Soricomorpha,,Soricidae,Blarina,,brevicauda,talpoides,Blarina_brevicauda,Blarina_brevicauda_talpoides
193,'SI_152328_cr_dr_1A_18_04_2013.TIF',SI_152328,Y,Soricomorpha,,Talpidae,Talpa,,europaea,europaea,Talpa_europaea,Talpa_europaea_europaea
194,'SI_152330_cr_dr_1A_18_04_2013.TIF',SI_152330,Y,Soricomorpha,,Talpidae,Talpa,,europaea,europaea,Talpa_europaea,Talpa_europaea_europaea
195,'SI_152369_cr_dr_1A_18_04_2013.TIF',SI_152369,Y,Soricomorpha,,Talpidae,Talpa,,europaea,europaea,Talpa_europaea,Talpa_europaea_europaea
196,'SI_152522_cr-dr_1A_09_04_2013.TIF',SI_152522,Y,Soricomorpha,,Talpidae,Galemys,,pyrenaicus,,Galemys_pyrenaicus,
197,'SI_154988_cr_dr_1A_03_04_2013.TIF',SI_154988,Y,Afrosoricida,Tenrecomorpha,Tenrecidae,Microgale,,dobsoni,,Microgale_dobsoni,
198,'SI_154989_cr_dr_1A_26_03_2013.TIF',SI_154989,Y,Afrosoricida,Tenrecomorpha,Tenrecidae,Oryzorictes,,tetradactylus,,Oryzorictes_tetradactylus,
199,'SI_168479_cr_dr_1A_11_04_2013.TIF',SI_168479,Y,Soricomorpha,,Talpidae,Scalopus,,aquaticus,aereus,Scalopus_aquaticus,Scalopus_aquaticus_aereus
200,'SI_169228_cr_dr_1A_11_04_2013.TIF',SI_169228,Y,Soricomorpha,,Talpidae,Scalopus,,aquaticus,aereus,Scalopus_aquaticus,Scalopus_aquaticus_aereus
201,'SI_170587_cr_dr_1A_11_04_2013.TIF',SI_170587,Y,Soricomorpha,,Talpidae,Scalopus,,aquaticus,aereus,Scalopus_aquaticus,Scalopus_aquaticus_aereus
202,'SI_182583_cr_dr_1A_16_04_2013.TIF',SI_182583,Y,Soricomorpha,,Soricidae,Surdisorex,,norae,,Surdisorex_norae,
203,'SI_186672_cr_dr_1A_09_04_2013.TIF',SI_186672,Y,Soricomorpha,,Talpidae,Galemys,,pyrenaicus,pyrenaicus,Galemys_pyrenaicus,Galemys_pyrenaicus_pyrenaicus
204,'SI_221420_cr_dr_1A_28_03_2013.TIF',SI_221420,Y,Afrosoricida,Chrysochloridea,Chrysochloridae,Chlorotalpa,,duthieae,,Chlorotalpa_duthieae,
205,'SI_254812_cr_dr_1A_16_04_2013.TIF',SI_254812,Y,Soricomorpha,,Soricidae,Nectogale,,elegans,,Nectogale_elegans,
206,'SI_259351_cr_dr_1A_16_04_2013.TIF',SI_259351,Y,Soricomorpha,,Soricidae,Anourosorex,,squamipes,,Anourosorex_squamipes,
207,'SI_259356_cr_dr_1A_16_04_2013.TIF',SI_259356,Y,Soricomorpha,,Soricidae,Anourosorex,,squamipes,,Anourosorex_squamipes,
208,'SI_260640_cr_dr_1A_28_03_2013.TIF',SI_260640,Y,Erinaceomorpha,,Erinaceidae,Hylomys,,suillus,,Hylomys_suillus,
209,'SI_261041_cr_dr_1A_16_04_2013.TIF',SI_261041,Y,Soricomorpha,,Soricidae,Anourosorex,,yamashinai,,Anourosorex_yamashinai,
210,'SI_261090_cr_dr_1A_11_04_2013.TIF',SI_261090,Y,Soricomorpha,,Talpidae,Euroscaptor,,klossi,,Euroscaptor_klossi,
211,'SI_266897_cr_dr_1A_05_04_2013.TIF',SI_266897,Y,Afrosoricida,Tenrecomorpha,Tenrecidae,Potamogale,,velox,,Potamogale_velox,
212,'SI_267653_cr_dr_1A_28_03_2013.TIF',SI_267653,Y,Erinaceomorpha,,Erinaceidae,Atelerix,,frontalis,,Atelerix_frontalis,
213,'SI_270539_cr_dr_1A_08_04_2013.TIF',SI_270539,Y,Erinaceomorpha,,Erinaceidae,Mesechinus,,dauuricus,,Mesechinus_dauuricus,
214,'SI_270540_cr_dr_1A_08_04_2013.TIF',SI_270540,Y,Erinaceomorpha,,Erinaceidae,Mesechinus,,dauuricus,,Mesechinus_dauuricus,
215,'SI_270541_cr_dr_1A_05_04_2013.TIF',SI_270541,Y,Erinaceomorpha,,Erinaceidae,Erinaceus,,amurensis,,Erinaceus_amurensis,
216,'SI_270542_cr_dr_1A_05_04_2013.TIF',SI_270542,Y,Erinaceomorpha,,Erinaceidae,Erinaceus,,amurensis,,Erinaceus_amurensis,
217,'SI_290520_cr_dr_1A_01_04_2013.TIF',SI_290520,Y,Soricomorpha,,Solenodontidae,Solenodon,,paradoxus,,Solenodon_paradoxus,
218,'SI_291735_cr_dr_1A_18_04_2013.TIF',SI_291735,Y,Soricomorpha,,Talpidae,Urotrichus,,talpoides,,Urotrichus_talpoides,
219,'SI_294497_cr_dr_1A_01_04_2013.TIF',SI_294497,Y,Afrosoricida,,Tenrecidae,Setifer,,setosus,,Setifer_setosus,
220,'SI_294504_cr_dr_1A_29_03_2013.TIF',SI_294504,Y,Afrosoricida,,Tenrecidae,Hemicentetes,,semispinosus,,Hemicentetes_semispinosus,
221,'SI_294507_cr_dr_1A_29_03_2013.TIF',SI_294507,Y,Afrosoricida,,Tenrecidae,Hemicentetes,,nigriceps,,Hemicentetes_nigriceps,
222,'SI_294508_cr_dr_1A_29_03_2013.TIF',SI_294508,Y,Afrosoricida,,Tenrecidae,Hemicentetes,,nigriceps,,Hemicentetes_nigriceps,
223,'SI_294510_cr_dr_1A_29_03_2013.TIF',SI_294510,Y,Afrosoricida,,Tenrecidae,Hemicentetes,,nigriceps,,Hemicentetes_nigriceps,
224,'SI_294511_cr_dr_1A_29_03_2013.TIF',SI_294511,Y,Afrosoricida,,Tenrecidae,Hemicentetes,,nigriceps,,Hemicentetes_nigriceps,
225,'SI_294520_cr_dr_1A_03_04_2013.TIF',SI_294520,Y,Afrosoricida,,Tenrecidae,Microgale,,dobsoni,,Microgale_dobsoni,
226,'SI_299278_cr_dr_1A_18_04_2013.TIF',SI_299278,Y,Soricomorpha,,Talpidae,Urotrichus,,talpoides,hondoensis,Urotrichus_talpoides,Urotrichus_talpoides_hondoensis
227,'SI_300009_cr_dr_1A_28_03_2013.TIF',SI_300009,Y,Erinaceomorpha,,Erinaceidae,Hylomys,,suillus,,Hylomys_suillus,
228,'SI_300010_cr_dr_1A_28_03_2013.TIF',SI_300010,Y,Erinaceomorpha,,Erinaceidae,Hylomys,,suillus,,Hylomys_suillus,
229,'SI_300634_cr_dr_1A_01_04_2013.TIF',SI_300634,Y,Soricomorpha,,Solenodontidae,Solenodon,,cubanus,,Solenodon_cubanus,
230,'SI_307652_cr_dr_1A_28_03_2013.TIF',SI_307652,Y,Erinaceomorpha,,Erinaceidae,Hylomys,,suillus,,Hylomys_suillus,
231,'SI_320499_cr_dr_1A_28_03_2013.TIF',SI_320499,Y,Erinaceomorpha,,Erinaceidae,Hylomys,,suillus,,Hylomys_suillus,
232,'SI_320531_cr_dr_1A_11_04_2013.TIF',SI_320531,Y,Soricomorpha,,Talpidae,Euroscaptor,,klossi,,Euroscaptor_klossi,
233,'SI_320532_cr_dr_1A_11_04_2013.TIF',SI_320532,Y,Soricomorpha,,Talpidae,Euroscaptor,,klossi,,Euroscaptor_klossi,
234,'SI_326693_cr_dr_1A_19_04_2013.TIF',SI_326693,Y,Erinaceomorpha,,Erinaceidae,Hemiechinus,,auritus,,Hemiechinus_auritus,
235,'SI_327190_cr_dr_1A_05_04_2013.TIF',SI_327190,Y,Erinaceomorpha,,Erinaceidae,Erinaceus,,concolor,,Erinaceus_concolor,
236,'SI_327893_cr_dr_1A_11_04_2013.TIF',SI_327893,Y,Erinaceomorpha,,Talpidae,Condylura,,cristata,,Condylura_cristata,
237,'SI_327911_cr_dr_1A_19_04_2013.TIF',SI_327911,Y,Erinaceomorpha,,Erinaceidae,Hemiechinus,,auritus,,Hemiechinus_auritus,
238,'SI_327912_cr_dr_1A_19_04_2013.TIF',SI_327912,Y,Erinaceomorpha,,Erinaceidae,Hemiechinus,,auritus,,Hemiechinus_auritus,
239,'SI_328604_cr_dr_1A_01_04_2013.TIF',SI_328604,Y,Afrosoricida,Tenrecomorpha,Tenrecidae,Setifer,,setosus,,Setifer_setosus,
240,'SI_328605_cr_dr_1A_01_04_2013.TIF',SI_328605,Y,Afrosoricida,Tenrecomorpha,Tenrecidae,Setifer,,setosus,,Setifer_setosus,
241,'SI_328614_cr_dr_1A_01_04_2013.TIF',SI_328614,Y,Afrosoricida,Tenrecomorpha,Tenrecidae,Setifer,,setosus,,Setifer_setosus,
242,'SI_328616_cr_dr_1A_01_04_2013.TIF',SI_328616,Y,Afrosoricida,Tenrecomorpha,Tenrecidae,Echinops,,telfairi,,Echinops_telfairi,
243,'SI_328619_cr_dr_1A_01_04_2013.TIF',SI_328619,Y,Afrosoricida,Tenrecomorpha,Tenrecidae,Echinops,,telfairi,,Echinops_telfairi,
244,'SI_328622_cr_dr_1A_01_04_2013.TIF',SI_328622,Y,Afrosoricida,Tenrecomorpha,Tenrecidae,Echinops,,telfairi,,Echinops_telfairi,
245,'SI_328624_cr_dr_1A_01_04_2013.TIF',SI_328624,Y,Afrosoricida,Tenrecomorpha,Tenrecidae,Echinops,,telfairi,,Echinops_telfairi,
246,'SI_328653_cr_dr_1A_03_04_2013.TIF',SI_328653,Y,Afrosoricida,Tenrecomorpha,Tenrecidae,Microgale,,cowani,,Microgale_cowani,
247,'SI_328662_cr_dr_1A_03_04_2013.TIF',SI_328662,Y,Afrosoricida,Tenrecomorpha,Tenrecidae,Microgale,,cowani,,Microgale_cowani,
248,'SI_328667_cr_dr_1A_03_04_2013.TIF',SI_328667,Y,Afrosoricida,Tenrecomorpha,Tenrecidae,Microgale,,cowani,,Microgale_cowani,
249,'SI_328669_cr_dr_1A_03_04_2013.TIF',SI_328669,Y,Afrosoricida,Tenrecomorpha,Tenrecidae,Microgale,,cowani,,Microgale_cowani,
250,'SI_328670_cr_dr_1A_03_04_2013.TIF',SI_328670,Y,Afrosoricida,Tenrecomorpha,Tenrecidae,Microgale,,cowani,,Microgale_cowani,
251,'SI_328688_cr_dr_1A_26_03_2013.TIF',SI_328688,Y,Afrosoricida,Tenrecomorpha,Tenrecidae,Microgale,,pusilla,,Microgale_pusilla,
252,'SI_328689_cr_dr_1A_26_03_2013.TIF',SI_328689,Y,Afrosoricida,Tenrecomorpha,Tenrecidae,Microgale,,pusilla,,Microgale_pusilla,
253,'SI_328695_cr_dr_1A_03_04_2013.TIF',SI_328695,Y,Afrosoricida,Tenrecomorpha,Tenrecidae,Microgale,,dobsoni,,Microgale_dobsoni,
254,'SI_328697_cr_dr_1A_19_04_2013.TIF',SI_328697,Y,Soricomorpha,,Soricidae,Suncus,,murinus,,Suncus_murinus,
255,'SI_328698_cr_dr_1A_19_04_2013.TIF',SI_328698,Y,Soricomorpha,,Soricidae,Suncus,,murinus,,Suncus_murinus,
256,'SI_328700_cr_dr_1A_19_04_2013.TIF',SI_328700,Y,Soricomorpha,,Soricidae,Suncus,,murinus,,Suncus_murinus,
257,'SI_330033_cr_dr_1A_11_04_2013.TIF',SI_330033,Y,Soricomorpha,,Talpidae,Mogera,,insularis,,Mogera_insularis,
258,'SI_330034_cr_dr_1A_11_04_2013.TIF',SI_330034,Y,Soricomorpha,,Talpidae,Mogera,,insularis,,Mogera_insularis,
259,'SI_330036_cr_dr_1A_11_04_2013.TIF',SI_330036,Y,Soricomorpha,,Talpidae,Mogera,,insularis,,Mogera_insularis,
260,'SI_332828_cr_dr_1A_16_04_2013.TIF',SI_332828,Y,Soricomorpha,,Soricidae,Anourosorex,,yamashinai,,Anourosorex_yamashinai,
261,'SI_335923_cr_dr_1A_18_04_2013.TIF',SI_335923,Y,Soricomorpha,,Soricidae,Cryptotis,,parva,parva,Cryptotis_parva,Cryptotis_parva_parva
262,'SI_341621_cr_dr_1A_05_04_2013.TIF',SI_341621,Y,Afrosoricida,Tenrecomorpha,Tenrecidae,Tenrec,,ecaudatus,,Tenrec_ecaudatus,
263,'SI_341624_cr_dr_1A_05_04_2013.TIF',SI_341624,Y,Afrosoricida,Tenrecomorpha,Tenrecidae,Tenrec,,ecaudatus,,Tenrec_ecaudatus,
264,'SI_341661_cr_dr_1A_05_04_2013.TIF',SI_341661,Y,Afrosoricida,Tenrecomorpha,Tenrecidae,Hemicentetes,,semispinosus,,Hemicentetes_semispinosus,
265,'SI_341688_cr_dr_1A_05_04_2013.TIF',SI_341688,Y,Afrosoricida,Tenrecomorpha,Tenrecidae,Hemicentetes,,semispinosus,,Hemicentetes_semispinosus,
266,'SI_341689_cr_dr_1A_05_04_2013.TIF',SI_341689,Y,Afrosoricida,Tenrecomorpha,Tenrecidae,Hemicentetes,,semispinosus,,Hemicentetes_semispinosus,
267,'SI_347688_cr_dr_1A_18_04_2013.TIF',SI_347688,Y,Soricomorpha,,Soricidae,Cryptotis,,parva,parva,Cryptotis_parva,Cryptotis_parva_parva
268,'SI_348292_cr_dr_1A_18_04_2013.TIF',SI_348292,Y,Soricomorpha,,Soricidae,Cryptotis,,parva,parva,Cryptotis_parva,Cryptotis_parva_parva
269,'SI_351334_cr_dr_1A_28_03_2013.TIF',SI_351334,Y,Afrosoricida,Chrysochloridea,Chrysochloridae,Calcochloris,Calcochloris,obtusirostris,,Calcochloris_obtusirostris,
270,'SI_351335_cr_dr_1A_28_03_2013.TIF',SI_351335,Y,Afrosoricida,Chrysochloridea,Chrysochloridae,Calcochloris,Calcochloris,obtusirostris,,Calcochloris_obtusirostris,
271,'SI_351336_cr_dr_1A_28_03_2013.TIF',SI_351336,Y,Afrosoricida,Chrysochloridea,Chrysochloridae,Chrysospalax,,villosus,,Chrysospalax_villosus,
272,'SI_351955_cr_dr_1A_28_03_2013.TIF',SI_351955,Y,Afrosoricida,Chrysochloridea,Chrysochloridae,Calcochloris,Calcochloris,obtusirostris,,Calcochloris_obtusirostris,
273,'SI_358133_cr_dr_1A_16_04_2013.TIF',SI_358133,Y,Soricomorpha,,Soricidae,Anourosorex,,yamashinai,,Anourosorex_yamashinai,
274,'SI_361482_cr_dr_1A_17_04_2013.TIF',SI_361482,Y,Afrosoricida,Tenrecomorpha,Tenrecidae,Tenrec,,ecaudatus,,Tenrec_ecaudatus,
275,'SI_365001_cr_dr_1A_28_03_2013.TIF',SI_365001,Y,Afrosoricida,Chrysochloridea,Chrysochloridae,Carpitalpa,,arendsi,,Carpitalpa_arendsi,
276,'SI_368925_cr_dr_1A_11_04_2013.TIF',SI_368925,Y,Soricomorpha,,Talpidae,Condylura,,cristata,cristata,Condylura_cristata,Condylura_cristata_cristata
277,'SI_369533_cr_dr_1A_05_04_2013.TIF',SI_369533,Y,Erinaceomorpha,,Erinaceidae,Erinaceus,,concolor,,Erinaceus_concolor,
278,'SI_37464_cr_dr_1A_05_04_2013.TIF',SI_37464,Y,Erinaceomorpha,,Erinaceidae,Erinaceus,,concolor,,Erinaceus_concolor,
279,'SI_380484_cr_dr_1A_28_03_2013.TIF',SI_380484,Y,Afrosoricida,Chrysochloridea,Chrysochloridae,Amblysomus,,hottentotus,,Amblysomus_hottentotus,
280,'SI_380485_cr_dr_1A_28_03_2013.TIF',SI_380485,Y,Afrosoricida,Chrysochloridea,Chrysochloridae,Amblysomus,,hottentotus,,Amblysomus_hottentotus,
281,'SI_380487_cr_dr_1A_28_03_2013.TIF',SI_380487,Y,Erinaceomorpha,,Erinaceidae,Atelerix,,frontalis,,Atelerix_frontalis,
282,'SI_381488_cr_dr_1A_28_03_2013.TIF',SI_381488,Y,Afrosoricida,Chrysochloridea,Chrysochloridae,Amblysomus,,hottentotus,,Amblysomus_hottentotus,
283,'SI_395697_cr_dr_1A_01_04_2013.TIF',SI_395697,Y,Soricomorpha,,Solenodontidae,Solenodon,,paradoxus,,Solenodon_paradoxus,
284,'SI_395819_cr-dr_1A_01_04_2013.TIF',SI_395819,Y,Soricomorpha,,Solenodontidae,Solenodon,,paradoxus,,Solenodon_paradoxus,
285,'SI_449155_cr_dr_1A_16_04_2013.TIF',SI_449155,Y,Soricomorpha,,Soricidae,Nectogale,,elegans,,Nectogale_elegans,
286,'SI_449177_cr_dr_1A_03_04_2013.TIF',SI_449177,Y,Afrosoricida,Tenrecomorpha,Tenrecidae,Microgale,,taiva,,Microgale_taiva,
287,'SI_449179_cr_dr_1A_26_03_2013.TIF',SI_449179,Y,Afrosoricida,Tenrecomorpha,Tenrecidae,Microgale,,gracilis,,Microgale_gracilis,
288,'SI_449192_cr_dr_1A_03_04_2013.TIF',SI_449192,Y,Afrosoricida,Tenrecomorpha,Tenrecidae,Microgale,,dobsoni,,Microgale_dobsoni,
289,'SI_468211_cr_dr_1A_28_03_2013.TIF',SI_468211,Y,Erinaceomorpha,,Erinaceidae,Atelerix,,frontalis,,Atelerix_frontalis,
290,'SI_468315_cr_dr_1A_03_04_2013.TIF',SI_468315,Y,Afrosoricida,Chrysochloridea,Chrysochloridae,Chrysochloris,,asiatica,,Chrysochloris_asiatica,
291,'SI_468316_cr_dr_1A_03_04_2013.TIF',SI_468316,Y,Afrosoricida,Chrysochloridea,Chrysochloridae,Chrysochloris,,asiatica,,Chrysochloris_asiatica,
292,'SI_468317_cr_dr_1A_03_04_2013.TIF',SI_468317,Y,Afrosoricida,Chrysochloridea,Chrysochloridae,Chrysochloris,,asiatica,,Chrysochloris_asiatica,
293,'SI_468318_cr_dr_1A_03_04_2013.TIF',SI_468318,Y,Afrosoricida,Chrysochloridea,Chrysochloridae,Eremitalpa,,granti,,Eremitalpa_granti,
294,'SI_468319_cr_dr_1A_28_03_2013.TIF',SI_468319,Y,Afrosoricida,Chrysochloridea,Chrysochloridae,Cryptochloris,,wintoni,,Cryptochloris_wintoni,
295,'SI_470211_cr_dr_1A_28_03_2013.TIF',SI_470211,Y,Afrosoricida,Chrysochloridea,Chrysochloridae,Calcochloris,Calcochloris,obtusirostris,,Calcochloris_obtusirostris,
296,'SI_470563_cr_dr_1A_26_03_2013.TIF',SI_470563,Y,Erinaceomorpha,,Erinaceidae,Paraechinus,,aethiopicus,deserti,Paraechinus_aethiopicus,
297,'SI_470564_cr_dr_1A_26_03_2013.TIF',SI_470564,Y,Erinaceomorpha,,Erinaceidae,Paraechinus,,aethiopicus,deserti,Paraechinus_aethiopicus,
298,'SI_470565_cr_dr_1A_26_03_2013.TIF',SI_470565,Y,Erinaceomorpha,,Erinaceidae,Paraechinus,,aethiopicus,deserti,Paraechinus_aethiopicus,
299,'SI_470566_cr_dr_1A_26_03_2013.TIF',SI_470566,Y,Erinaceomorpha,,Erinaceidae,Paraechinus,,aethiopicus,deserti,Paraechinus_aethiopicus,
300,'SI_470568_cr_dr_1A_26_03_2013.TIF',SI_470568,Y,Erinaceomorpha,,Erinaceidae,Paraechinus,,aethiopicus,deserti,Paraechinus_aethiopicus,
301,'SI_470571_cr_dr_1A_28_03_2013.TIF',SI_470571,Y,Erinaceomorpha,,Erinaceidae,Atelerix,,algirus,,Atelerix_algirus,
302,'SI_470572_cr-dr_1A_28_03_2013.TIF',SI_470572,Y,Erinaceomorpha,,Erinaceidae,Atelerix,,algirus,,Atelerix_algirus,
303,'SI_470573_cr_dr_1A_28_03_2013.TIF',SI_470573,Y,Erinaceomorpha,,Erinaceidae,Atelerix,,algirus,,Atelerix_algirus,
304,'SI_470574_cr_dr_1A_28_03_2013.TIF',SI_470574,Y,Erinaceomorpha,,Erinaceidae,Atelerix,,algirus,,Atelerix_algirus,
305,'SI_487894_cr_dr_1A_08_04_2013.TIF',SI_487894,Y,Erinaceomorpha,,Erinaceidae,Echinosorex,,gymnura,,Echinosorex_gymnura,
306,'SI_487899_cr_dr_1A_08_04_2013.TIF',SI_487899,Y,Erinaceomorpha,,Erinaceidae,Echinosorex,,gymnura,,Echinosorex_gymnura,
307,'SI_537651_cr_dr_1A_05_04_2013.TIF',SI_537651,Y,Afrosoricida,Tenrecomorpha,Tenrecidae,Potamogale,,velox,,Potamogale_velox,
308,'SI_574295_cr_dr_1A_16_04_2013.TIF',SI_574295,Y,Soricomorpha,,Soricidae,Anourosorex,,squamipes,,Anourosorex_squamipes,
309,'SI_574296_cr_dr_1A_16_04_2013.TIF',SI_574296,Y,Soricomorpha,,Soricidae,Nectogale,,elegans,,Nectogale_elegans,
310,'SI_574298_cr_dr_1A_16_04_2013.TIF',SI_574298,Y,Soricomorpha,,Talpidae,Uropsilus,,soricipes,,Uropsilus_soricipes,
311,'SI_574301_cr_dr_1A_16_04_2013.TIF',SI_574301,Y,Soricomorpha,,Talpidae,Uropsilus,,soricipes,,Uropsilus_soricipes,
312,'SI_574302_cr_dr_1A_16_04_2013.TIF',SI_574302,Y,Soricomorpha,,Talpidae,Uropsilus,,soricipes,,Uropsilus_soricipes,
313,'SI_577052_cr-dr_1A_26_03_2013.TIF',SI_577052,Y,Afrosoricida,Tenrecomorpha,Tenrecidae,Oryzorictes,,hova,,Oryzorictes_hova,
314,'SI_577055_cr_dr_1A_03_04_2013.TIF',SI_577055,Y,Afrosoricida,Tenrecomorpha,Tenrecidae,Microgale,,talazaci,,Microgale_talazaci,
315,'SI_578746_cr_dr_1A_03_04_2013.TIF',SI_578746,Y,Afrosoricida,Tenrecomorpha,Tenrecidae,Microgale,,talazaci,,Microgale_talazaci,
316,'SI_578747_cr_dr_1A_03_04_2013.TIF',SI_578747,Y,Afrosoricida,Tenrecomorpha,Tenrecidae,Microgale,,talazaci,,Microgale_talazaci,
317,'SI_578749_cr_dr_1A_03_04_2013.TIF',SI_578749,Y,Afrosoricida,Tenrecomorpha,Tenrecidae,Microgale,,dobsoni,,Microgale_dobsoni,
318,'SI_578753_cr_dr_1A_26_03_2013.TIF',SI_578753,Y,Afrosoricida,Tenrecomorpha,Tenrecidae,Microgale,,principula,,Microgale_principula,
319,'SI_578756_cr_dr_1A_26_03_2013.TIF',SI_578756,Y,Afrosoricida,Tenrecomorpha,Tenrecidae,Microgale,,principula,,Microgale_principula,
320,'SI_578759_cr_dr_1A_26_03_2013.TIF',SI_578759,Y,Afrosoricida,Tenrecomorpha,Tenrecidae,Microgale,,principula,,Microgale_principula,
321,'SI_578760_cr_dr_1A_26_03_2013.TIF',SI_578760,Y,Afrosoricida,Tenrecomorpha,Tenrecidae,Microgale,,principula,,Microgale_principula,
322,'SI_578762_cr_dr_1A_26_03_2013.TIF',SI_578762,Y,Afrosoricida,Tenrecomorpha,Tenrecidae,Microgale,,principula,,Microgale_principula,
323,'SI_578768_cr_dr_1A_03_04_2013.TIF',SI_578768,Y,Afrosoricida,Tenrecomorpha,Tenrecidae,Microgale,,talazaci,,Microgale_talazaci,
324,'SI_578769_cr_dr_1A_03_04_2013.TIF',SI_578769,Y,Afrosoricida,Tenrecomorpha,Tenrecidae,Microgale,,talazaci,,Microgale_talazaci,
325,'SI_578772_cr_dr_1A_03_04_2013.TIF',SI_578772,Y,Afrosoricida,Tenrecomorpha,Tenrecidae,Microgale,,thomasi,,Microgale_thomasi,
326,'SI_578773_cr_dr_1A_03_04_2013.TIF',SI_578773,Y,Afrosoricida,Tenrecomorpha,Tenrecidae,Microgale,,thomasi,,Microgale_thomasi,
327,'SI_578774_cr_dr_1A_03_04_2013.TIF',SI_578774,Y,Afrosoricida,Tenrecomorpha,Tenrecidae,Microgale,,thomasi,,Microgale_thomasi,
328,'SI_578775_cr_dr_1A_03_04_2013.TIF',SI_578775,Y,Afrosoricida,Tenrecomorpha,Tenrecidae,Microgale,,thomasi,,Microgale_thomasi,
329,'SI_578776_cr_dr_1A_03_04_2013.TIF',SI_578776,Y,Afrosoricida,Tenrecomorpha,Tenrecidae,Microgale,,thomasi,,Microgale_thomasi,
330,'SI_578787_cr_dr_1A_26_03_2013.TIF',SI_578787,Y,Afrosoricida,Tenrecomorpha,Tenrecidae,Microgale,,fotsifotsy,,Microgale_fotsifotsy,
331,'SI_578789_cr-dr_1A_26_03_2013.TIF',SI_578789,Y,Afrosoricida,Tenrecomorpha,Tenrecidae,Oryzorictes,,sp.,,Oryzorictes_sp.,
332,'SI_578791_cr_dr_1A_05_04_2013.TIF',SI_578791,Y,Afrosoricida,Tenrecomorpha,Tenrecidae,Tenrec,,ecaudatus,,Tenrec_ecaudatus,
333,'SI_578792_cr_dr_1A_05_04_2013.TIF',SI_578792,Y,Afrosoricida,Tenrecomorpha,Tenrecidae,Tenrec,,ecaudatus,,Tenrec_ecaudatus,
334,'SI_584649_cr_dr_1A_28_03_2013.TIF',SI_584649,Y,Afrosoricida,Chrysochloridea,Chrysochloridae,Calcochloris,Huetia,leucorhinus,,Calcochloris_leucorhinus,
335,'SI_584656_cr_dr_1A_19_04_2013.TIF',SI_584656,Y,Soricomorpha,,Soricidae,Crocidura,,crenata,,Crocidura_crenata,
336,'SI_584662_cr_dr_1A_19_04_2013.TIF',SI_584662,Y,Soricomorpha,,Soricidae,Crocidura,,crenata,,Crocidura_crenata,
337,'SI_584675_cr_dr_1A_18_04_2013.TIF',SI_584675,Y,Soricomorpha,,Soricidae,Sylvisorex,,johnstoni,,Sylvisorex_johnstoni,
338,'SI_584676_cr_dr_1A_18_04_2013.TIF',SI_584676,Y,Soricomorpha,,Soricidae,Sylvisorex,,johnstoni,,Sylvisorex_johnstoni,
339,'SI_584677_cr_dr_1A_18_04_2013.TIF',SI_584677,Y,Soricomorpha,,Soricidae,Sylvisorex,,ollula,,Sylvisorex_ollula,
340,'SI_584678_cr_dr_1A_18_04_2013.TIF',SI_584678,Y,Soricomorpha,,Soricidae,Sylvisorex,,ollula,,Sylvisorex_ollula,
341,'SI_584679_cr_dr_1A_18_04_2013.TIF',SI_584679,Y,Soricomorpha,,Soricidae,Sylvisorex,,ollula,,Sylvisorex_ollula,
342,'SI_584947_cr_dr_1A_19_04_2013.TIF',SI_584947,Y,Soricomorpha,,Soricidae,Crocidura,,crenata,,Crocidura_crenata,
343,'SI_585137_cr_dr_1A_18_04_2013.TIF',SI_585137,Y,Soricomorpha,,Soricidae,Sylvisorex,,johnstoni,,Sylvisorex_johnstoni,
344,'SI_589811_cr_dr_1A_16_04_2013.TIF',SI_589811,Y,Soricomorpha,,Soricidae,Surdisorex,,norae,,Surdisorex_norae,
345,'SI_589812_cr_dr_1A_16_04_2013.TIF',SI_589812,Y,Soricomorpha,,Soricidae,Surdisorex,,norae,,Surdisorex_norae,
346,'SI_63220_cr_dr_1A_28_03_2013.TIF',SI_63220,Y,Erinaceomorpha,,Erinaceidae,Atelerix,,sclateri,,Atelerix_sclateri,
347,'SI_67057_cr_dr_1A_09_04_2013.TIF',SI_67057,Y,Soricomorpha,,Soricidae,Sorex,Otisorex,bendirii,bendirii,Sorex_bendirii,Sorex_bendirii_bendirii
348,'SI_67058_cr_dr_1A_09_04_2013.TIF',SI_67058,Y,Soricomorpha,,Soricidae,Sorex,Otisorex,bendirii,bendirii,Sorex_bendirii,Sorex_bendirii_bendirii
349,'SI_69153_cr_dr_1A_09_04_2013.TIF',SI_69153,Y,Soricomorpha,,Soricidae,Sorex,Sorex,arcticus,arcticus,Sorex_arcticus,Sorex_arcticus_arcticus
350,'SI_69161_cr_dr_1A_09_04_2013.TIF',SI_69161,Y,Soricomorpha,,Soricidae,Sorex,Sorex,arcticus,arcticus,Sorex_arcticus,Sorex_arcticus_arcticus
351,'SI_69172_cr_dr_1A_09_04_2013.TIF',SI_69172,Y,Soricomorpha,,Soricidae,Sorex,Sorex,arcticus,arcticus,Sorex_arcticus,Sorex_arcticus_arcticus
352,'SI_86009_cr_dr_1A_09_04_2013.TIF',SI_86009,Y,Soricomorpha,,Soricidae,Sorex,Sorex,araneus,,Sorex_araneus,
353,'SI_86012_cr_dr_1A_09_04_2013.TIF',SI_86012,Y,Soricomorpha,,Soricidae,Sorex,Sorex,araneus,,Sorex_araneus,
354,'SI_86018_cr_dr_1A_09_04_2013.TIF',SI_86018,Y,Soricomorpha,,Soricidae,Sorex,Sorex,araneus,,Sorex_araneus,
355,'SI_87949_cr_dr_1A_09_04_2013.TIF',SI_87949,Y,Soricomorpha,,Soricidae,Sorex,Otisorex,bendirii,bendirii,Sorex_bendirii,Sorex_bendirii_bendirii
356,'SI_A02230_cr_dr_1A_01_04_2013.TIF',SI_A02230,Y,Soricomorpha,,Solenodontidae,Solenodon,,cubanus,,Solenodon_cubanus,
357,'SI_A37983_cr_dr_1A_01_04_2013.TIF',SI_A37983,Y,Soricomorpha,,Solenodontidae,Solenodon,,cubanus,,Solenodon_cubanus,
358,'SI_A49508_cr_dr_1A_01_04_2013.TIF',SI_A49508,Y,Soricomorpha,,Solenodontidae,Solenodon,,cubanus,,Solenodon_cubanus,
