ID,Image,SpecID,Skull,Order_05,Suborder_05,Family_05,Subfamily_05,Genus_05,Species_05,Subspecies_05,Binomial_05,Trinomial_05
1,'AMNH_161526_cr_lt_1A_26_04_2013.TIF',AMNH_161526,Y,Afrosoricida,Chrysochloridea,Chrysochloridae,Chrysochlorinae,Chlorotalpa,duthieae,,Chlorotalpa_duthieae,
2,'AMNH_161527_cr_lt_1A_26_04_2013.TIF',AMNH_161527,Y,Afrosoricida,Chrysochloridea,Chrysochloridae,Chyrsochlorinae,Chlorotalpa,duthieae,,Chlorotalpa_duthieae,
3,'AMNH_161559_cr_lt_1A_26_04_2013.TIF',AMNH_161559,Y,Afrosoricida,Chrysochloridea,Chrysochloridae,Chrysochlorinae,Eremitalpa,granti,granti,Eremitalpa_granti,Eremitalpa_granti_granti
4,'AMNH_161571_cr_lt_1A_26_04_2013.TIF',AMNH_161571,Y,Afrosoricida,Chrysochloridea,Chrysochloridae,Chrysochlorinae,Eremitalpa,granti,granti,Eremitalpa_granti,Eremitalpa_granti_granti
5,'AMNH_167961_cr_lt_1A_26_04_2013.TIF',AMNH_167961,Y,Afrosoricida,Chrysochloridea,Chrysochloridae,Chrysochlorinae,Chrysochloris,asiatica,,Chrysochloris_asiatica,
6,'AMNH_180911_cr_lt_1A_26_04_2013.TIF',AMNH_180911,Y,Afrosoricida,Chrysochloridea,Chrysochloridae,Chrysochlorinae,Chrysochloris,stuhlmanni,,Chrysochloris_stuhlmanni,
7,'AMNH_180912_cr_lt_1A_26_04_2013.TIF',AMNH_180912,Y,Afrosoricida,Chrysochloridea,Chrysochloridae,Chrysochlorinae,Chrysochloris,stuhlmanni,,Chrysochloris_stuhlmanni,
8,'AMNH_212938_cr_lt_1A_25_04_2013.TIF',AMNH_212938,Y,Afrosoricida,Tenrecomorpha,Tenrecidae,Tenrecinae,Hemicentetes,semispinosus,,Hemicentetes_semispinosus,
9,'AMNH_274982_cr_lt_1A_22_04_2013.TIF',AMNH_274982,Y,Afrosoricida,Tenrecomorpha,Tenrecidae,Oryzorictinae,Microgale,jobihely,,Microgale_jobihely,
10,'AMNH_274986_cr_lt_1A_22_04_2013.TIF',AMNH_274986,Y,Afrosoricida,Tenrecomorpha,Tenrecidae,Oryzorictinae,Microgale,jobihely,,Microgale_jobihely,
11,'AMNH_274987_cr_lt_1A_22_04_2013.TIF',AMNH_274987,Y,Afrosoricida,Tenrecomorpha,Tenrecidae,Oryzorictinae,Microgale,jobihely,,Microgale_jobihely,
12,'AMNH_274988_cr_lt_1A_22_04_2013.TIF',AMNH_274988,Y,Afrosoricida,Tenrecomorpha,Tenrecidae,Oryzorictinae,Microgale,jobihely,,Microgale_jobihely,
13,'AMNH_274989_cr_lt_1A_22_04_2013.TIF',AMNH_274989,Y,Afrosoricida,Tenrecomorpha,Tenrecidae,Oryzorictinae,Microgale,jobihely,,Microgale_jobihely,
14,'AMNH_275041_cr_lt_1A_23_04_2013.TIF',AMNH_275041,Y,Afrosoricida,Tenrecomorpha,Tenrecidae,Oryzorictinae,Microgale,soricoides,,Microgale_soricoides,
15,'AMNH_275088_cr_lt_1A_24_04_2013.TIF',AMNH_275088,Y,Afrosoricida,Tenrecomorpha,Tenrecidae,Oryzorictinae,Microgale,drouhardi,,Microgale_drouhardi,
16,'AMNH_275089_cr_lt_1A_24_04_2013.TIF',AMNH_275089,Y,Afrosoricida,Tenrecomorpha,Tenrecidae,Oryzorictinae,Microgale,drouhardi,,Microgale_drouhardi,
17,'AMNH_275090_cr_lt_1A_24_04_2013.TIF',AMNH_275090,Y,Afrosoricida,Tenrecomorpha,Tenrecidae,Oryzorictinae,Microgale,drouhardi,,Microgale_drouhardi,
18,'AMNH_275092_cr_lt_1A_24_04_2013.TIF',AMNH_275092,Y,Afrosoricida,Tenrecomorpha,Tenrecidae,Oryzorictinae,Microgale,drouhardi,,Microgale_drouhardi,
19,'AMNH_275095_cr_lt_1A_24_04_2013.TIF',AMNH_275095,Y,Afrosoricida,Tenrecomorpha,Tenrecidae,Oryzorictinae,Microgale,drouhardi,,Microgale_drouhardi,
20,'AMNH_275133_cr_lt_1A_24_04_2013.TIF',AMNH_275133,Y,Afrosoricida,Tenrecomorpha,Tenrecidae,Oryzorictinae,Microgale,fotsifotsy,,Microgale_fotsifotsy,
21,'AMNH_275134_cr_lt_1A_22_04_2013.TIF',AMNH_275134,Y,Afrosoricida,Tenrecomorpha,Tenrecidae,Oryzorictinae,Microgale,gymnorhyncha,,Microgale_gymnorhyncha,
22,'AMNH_275135_cr_lt_1A_22_04_2013.TIF',AMNH_275135,Y,Afrosoricida,Tenrecomorpha,Tenrecidae,Oryzorictinae,Microgale,gymnorhyncha,,Microgale_gymnorhyncha,
23,'AMNH_275136_cr_lt_1A_22_04_2013.TIF',AMNH_275136,Y,Afrosoricida,Tenrecomorpha,Tenrecidae,Oryzorictinae,Microgale,gymnorhyncha,,Microgale_gymnorhyncha,
24,'AMNH_275137_cr_lt_1A_22_04_2013.TIF',AMNH_275137,Y,Afrosoricida,Tenrecomorpha,Tenrecidae,Oryzorictinae,Microgale,gymnorhyncha,,Microgale_gymnorhyncha,
25,'AMNH_275138_cr_lt_1A_22_04_2013.TIF',AMNH_275138,Y,Afrosoricida,Tenrecomorpha,Tenrecidae,Oryzorictinae,Microgale,gymnorhyncha,,Microgale_gymnorhyncha,
26,'AMNH_275141_cr_lt_1A_22_04_2013.TIF',AMNH_275141,Y,Afrosoricida,Tenrecomorpha,Tenrecidae,Oryzorictinae,Microgale,longicaudata,,Microgale_longicaudata,
27,'AMNH_275142_cr_lt_1A_22_04_2013.TIF',AMNH_275142,Y,Afrosoricida,Tenrecomorpha,Tenrecidae,Oryzorictinae,Microgale,longicaudata,,Microgale_longicaudata,
28,'AMNH_275143_cr_lt_1A_23_04_2013.TIF',AMNH_275143,Y,Afrosoricida,Tenrecomorpha,Tenrecidae,Oryzorictinae,Microgale,longicaudata,,Microgale_longicaudata,
29,'AMNH_275148_cr_lt_1A_23_04_2013.TIF',AMNH_275148,Y,Afrosoricida,Tenrecomorpha,Tenrecidae,Oryzorictinae,Microgale,longicaudata,,Microgale_longicaudata,
30,'AMNH_275149_cr_lt_1A_23_04_2013.TIF',AMNH_275149,Y,Afrosoricida,Tenrecomorpha,Tenrecidae,Oryzorictinae,Microgale,longicaudata,,Microgale_longicaudata,
31,'AMNH_275157_cr_lt_1A_23_04_2013.TIF',AMNH_275157,Y,Afrosoricida,Tenrecomorpha,Tenrecidae,Oryzorictinae,Microgale,parvula,,Microgale_parvula,
32,'AMNH_275158_cr_lt_1A_23_04_2013.TIF',AMNH_275158,Y,Afrosoricida,Tenrecomorpha,Tenrecidae,Oryzorictinae,Microgale,soricoides,,Microgale_soricoides,
33,'AMNH_275160_cr_lt_1A_23_04_2013.TIF',AMNH_275160,Y,Afrosoricida,Tenrecomorpha,Tenrecidae,Oryzorictinae,Microgale,soricoides,,Microgale_soricoides,
34,'AMNH_275162_cr_lt_1A_23_04_2013.TIF',AMNH_275162,Y,Afrosoricida,Tenrecomorpha,Tenrecidae,Oryzorictinae,Microgale,soricoides,,Microgale_soricoides,
35,'AMNH_275163_cr_lt_1A_23_04_2013.TIF',AMNH_275163,Y,Afrosoricida,Tenrecomorpha,Tenrecidae,Oryzorictinae,Microgale,soricoides,,Microgale_soricoides,
36,'AMNH_275189_cr_lt_1A_24_04_2013.TIF',AMNH_275189,Y,Afrosoricida,Tenrecomorpha,Tenrecidae,Oryzorictinae,Oryzorictes,hova,,Oryzorictes_hova,
37,'AMNH_275190_cr_lt_1A_25_04_2013.TIF',AMNH_275190,Y,Afrosoricida,Tenrecomorpha,Tenrecidae,Oryzorictinae,Oryzorictes,hova,,Oryzorictes_hova,
38,'AMNH_275191_cr_lt_1A_25_04_2013.TIF',AMNH_275191,Y,Afrosoricida,Tenrecomorpha,Tenrecidae,Oryzorictinae,Oryzorictes,hova,,Oryzorictes_hova,
39,'AMNH_275250_cr_lt_1A_24_04_2013.TIF',AMNH_275250,Y,Afrosoricida,Tenrecomorpha,Tenrecidae,Oryzorictinae,Microgale,brevicaudata,,Microgale_brevicaudata,
40,'AMNH_275251_cr_lt_1A_24_04_2013.TIF',AMNH_275251,Y,Afrosoricida,Tenrecomorpha,Tenrecidae,Oryzorictinae,Microgale,brevicaudata,,Microgale_brevicaudata,
41,'AMNH_275253_cr_lt_1A_24_04_2013.TIF',AMNH_275253,Y,Afrosoricida,Tenrecomorpha,Tenrecidae,Oryzorictinae,Microgale,brevicaudata,,Microgale_brevicaudata,
42,'AMNH_275254_cr_lt_1A_24_04_2013.TIF',AMNH_275254,Y,Afrosoricida,Tenrecomorpha,Tenrecidae,Oryzorictinae,Microgale,brevicaudata,,Microgale_brevicaudata,
43,'AMNH_275255_cr_lt_1A_24_04_2013.TIF',AMNH_275255,Y,Afrosoricida,Tenrecomorpha,Tenrecidae,Oryzorictinae,Microgale,brevicaudata,,Microgale_brevicaudata,
44,'AMNH_275281_cr_lt_1A_24_04_2013.TIF',AMNH_275281,Y,Afrosoricida,Tenrecomorpha,Tenrecidae,Oryzorictinae,Microgale,fotsifotsy,,Microgale_fotsifotsy,
45,'AMNH_275282_cr_lt_1A_24_04_2013.TIF',AMNH_275282,Y,Afrosoricida,Tenrecomorpha,Tenrecidae,Oryzorictinae,Microgale,fotsifotsy,,Microgale_fotsifotsy,
46,'AMNH_275283_cr_lt_1A_23_04_2013.TIF',AMNH_275283,Y,Afrosoricida,Tenrecomorpha,Tenrecidae,Oryzorictinae,Microgale,fotsifotsy,,Microgale_fotsifotsy,
47,'AMNH_275298_cr_lt_1A_23_04_2013.TIF',AMNH_275298,Y,Afrosoricida,Tenrecomorpha,Tenrecidae,Oryzorictinae,Microgale,taiva,,Microgale_taiva,
48,'AMNH_275299_cr_lt_1A_23_04_2013.TIF',AMNH_275299,Y,Afrosoricida,Tenrecomorpha,Tenrecidae,Oryzorictinae,Microgale,taiva,,Microgale_taiva,
49,'AMNH_275300_cr_lt_1A_23_04_2013.TIF',AMNH_275300,Y,Afrosoricida,Tenrecomorpha,Tenrecidae,Oryzorictinae,Microgale,taiva,,Microgale_taiva,
50,'AMNH_275301_cr_lt_1A_23_04_2013.TIF',AMNH_275301,Y,Afrosoricida,Tenrecomorpha,Tenrecidae,Oryzorictinae,Microgale,taiva,,Microgale_taiva,
51,'AMNH_275360_cr_lt_1A_25_04_2013.TIF',AMNH_275360,Y,Afrosoricida,Tenrecomorpha,Tenrecidae,Oryzorictinae,Oryzorictes,hova,,Oryzorictes_hova,
52,'AMNH_275364_cr_lt_1A_23_04_2013.TIF',AMNH_275364,Y,Afrosoricida,Tenrecomorpha,Tenrecidae,Oryzorictinae,Microgale,parvula,,Microgale_parvula,
53,'AMNH_275365_cr_lt_1A_23_04_2013.TIF',AMNH_275365,Y,Afrosoricida,Tenrecomorpha,Tenrecidae,Oryzorictinae,Microgale,parvula,,Microgale_parvula,
54,'AMNH_275368_cr_lt_1A_23_04_2013.TIF',AMNH_275368,Y,Afrosoricida,Tenrecomorpha,Tenrecidae,Oryzorictinae,Microgale,parvula,,Microgale_parvula,
55,'AMNH_31243_cr_lt_left_1A_24_04_2013_flipped.tif',AMNH_31243,Y,Afrosoricida,Tenrecomorpha,Tenrecidae,Oryzorictinae,Oryzorictes,tetradactylus,,Oryzorictes_tetradactylus,
56,'AMNH_31257_cr_lt_left_1A_24_04_2013_flipped.tif',AMNH_31257,Y,Afrosoricida,Tenrecomorpha,Tenrecidae,Oryzorictinae,Oryzorictes,tetradactylus,,Oryzorictes_tetradactylus,
57,'AMNH_31270_cr_lt_1A_25_04_2013.TIF',AMNH_31270,Y,Afrosoricida,Tenrecomorpha,Tenrecidae,Tenrecinae,Echinops,telfairi,,Echinops_telfairi,
58,'AMNH_34647_cr_lt_1A_25_04_2013.TIF',AMNH_34647,Y,Afrosoricida,Chrysochloridea,Chrysochloridae,Chrysochlorinae,Chrysospalax,trevelyani,,Chrysospalax_trevelyani,
59,'AMNH_51324_cr_lt_1A_25_04_2013.TIF',AMNH_51324,Y,Afrosoricida,Tenrecomorpha,Tenrecidae,Potamogalinae,Potamogale,velox,,Potamogale_velox,
60,'AMNH_51327_cr_lt_1A_25_04_2013.TIF',AMNH_51327,Y,Afrosoricida,Tenrecomorpha,Tenrecidae,Potamogalinae,Potamogale,velox,,Potamogale_velox,
61,'AMNH_54365_cr_lt_1A_25_04_2013.TIF',AMNH_54365,Y,Afrosoricida,Chrysochloridea,Chrysochloridae,Chrysochlorinae,Chrysospalax,trevelyani,,Chrysospalax_trevelyani,
62,'AMNH_82399_cr_lt_1A_26_04_2013.TIF',AMNH_82399,Y,Afrosoricida,Chrysochloridea,Chrysochloridae,Chrysochlorinae,Chrysochloris,stuhlmanni,,Chrysochloris_stuhlmanni,
63,'AMNH_89040_cr_lt_1A_25_04_2013.TIF',AMNH_89040,Y,Afrosoricida,Chrysochloridea,Chrysochloridae,Chrysochlorinae,Chrysospalax,trevelyani,,Chrysospalax_trevelyani,
64,'AMNH_89046_cr_lt_1A_26_04_2013.TIF',AMNH_89046,Y,Afrosoricida,Chrysochloridea,Chrysochloridae,Chrysochlorinae,Cryptochloris,wintoni,,Cryptochloris_wintoni,
65,'FMNH_106727_cr_lt_1A_25_09_2013.TIF',FMNH_106727,Y,Erinaceomorpha,,Erinaceidae,Erinaceinae,Paraechinus,aethiopicus,deserti,Paraechinus_aethiopicus,Paraechinus_aethiopicus_deserti
66,'FMNH_134445_cr_lt_1A_27_09_2013.TIF',FMNH_134445,Y,Soricomorpha,,Talpidae,Scalopinae,Condylura,cristata,,Condylura_cristata,
67,'FMNH_153667_cr_lt_1A_27_09_2013.TIF',FMNH_153667,Y,Soricomorpha,,Soricidae,Soricinae,Neomys,fodiens,,Neomys_fodiens,
68,'FMNH_153673_cr_lt_1A_30_09_2013.TIF',FMNH_153673,Y,Soricomorpha,,Soricidae,Crocidurinae,Crocidura,russula,,Crocidura_russula,
69,'FMNH_153674_cr_lt_1A_30_09_2013.TIF',FMNH_153674,Y,Soricomorpha,,Soricidae,Crocidurinae,Crocidura,russula,,Crocidura_russula,
70,'FMNH_153675_cr_lt_1A_30_09_2013.TIF',FMNH_153675,Y,Soricomorpha,,Soricidae,Crocidurinae,Crocidura,russula,,Crocidura_russula,
71,'FMNH_153787_cr_lt_1A_27_09_2013.TIF',FMNH_153787,Y,Soricomorpha,,Talpidae,Scalopinae,Condylura,cristata,,Condylura_cristata,
72,'FMNH_156226_cr_lt_1A_01_10_2013.TIF',FMNH_156226,Y,Afrosoricida,Tenrecomorpha,Tenrecidae,Oryzorictinae,Oryzorictes,tetradactylus,,Oryzorictes_tetradactylus,
73,'FMNH_159672_cr_lt_1A_18_09_2013.TIF',FMNH_159672,Y,Afrosoricida,Tenrecomorpha,Tenrecidae,Oryzorictinae,Microgale,monticola,,Microgale_monticola,
74,'FMNH_159673_cr_lt_1A_18_09_2013.TIF',FMNH_159673,Y,Afrosoricida,Tenrecomorpha,Tenrecidae,Oryzorictinae,Microgale,monticola,,Microgale_monticola,
75,'FMNH_159674_cr_lt_1A_18_09_2013.TIF',FMNH_159674,Y,Afrosoricida,Tenrecomorpha,Tenrecidae,Oryzorictinae,Microgale,monticola,,Microgale_monticola,
76,'FMNH_159675_cr_lt_1A_18_09_2013.TIF',FMNH_159675,Y,Afrosoricida,Tenrecomorpha,Tenrecidae,Oryzorictinae,Microgale,monticola,,Microgale_monticola,
77,'FMNH_159676_cr_lt_1A_18_09_2013.TIF',FMNH_159676,Y,Afrosoricida,Tenrecomorpha,Tenrecidae,Oryzorictinae,Microgale,monticola,,Microgale_monticola,
78,'FMNH_162893_cr_lt_1A_23_09_2013.TIF',FMNH_162893,Y,Afrosoricida,Tenrecomorpha,Tenrecidae,Potamogalinae,Micropotamogale,lamottei,,Micropotamogale_lamottei,
79,'FMNH_166040_cr_lt_1A_19_09_2013.TIF',FMNH_166040,Y,Afrosoricida,Tenrecomorpha,Tenrecidae,Oryzorictinae,Microgale,pusilla,,Microgale_pusilla,
80,'FMNH_166111_cr_lt_1A_18_09_2013.TIF',FMNH_166111,Y,Afrosoricida,Tenrecomorpha,Tenrecidae,Oryzorictinae,Microgale,gracilis,,Microgale_gracilis,
81,'FMNH_166112_cr_lt_1A_18_09_2013.TIF',FMNH_166112,Y,Afrosoricida,Tenrecomorpha,Tenrecidae,Oryzorictinae,Microgale,gracilis,,Microgale_gracilis,
82,'FMNH_166113_cr_lt_1A_18_09_2013.TIF',FMNH_166113,Y,Afrosoricida,Tenrecomorpha,Tenrecidae,Oryzorictinae,Microgale,gracilis,,Microgale_gracilis,
83,'FMNH_166145_cr_lt_1A_18_09_2013.TIF',FMNH_166145,Y,Afrosoricida,Tenrecomorpha,Tenrecidae,Oryzorictinae,Microgale,gracilis,,Microgale_gracilis,
84,'FMNH_167427_cr_lt_1A_17_09_2013.TIF',FMNH_167427,Y,Afrosoricida,Tenrecomorpha,Tenrecidae,Oryzorictinae,Microgale,dryas,,Microgale_dryas,
85,'FMNH_167621_cr_lt_1A_01_10_2013.TIF',FMNH_167621,Y,Afrosoricida,Tenrecomorpha,Tenrecidae,Oryzorictinae,Microgale,pusilla,,Microgale_pusilla,
86,'FMNH_173146_cr_lt_1A_30_09_2013.TIF',FMNH_173146,Y,Soricomorpha,,Soricidae,Crocidurinae,Suncus,madagascariensis,,Suncus_madagascariensis,
87,'FMNH_173148_cr_lt_1A_30_09_2013.TIF',FMNH_173148,Y,Soricomorpha,,Soricidae,Crocidurinae,Suncus,madagascariensis,,Suncus_madagascariensis,
88,'FMNH_173149_cr_lt_1A_30_09_2013.TIF',FMNH_173149,Y,Soricomorpha,,Soricidae,Crocidurinae,Suncus,madagascariensis,,Suncus_madagascariensis,
89,'FMNH_176203_cr_lt_1A_17_09_2013.TIF',FMNH_176203,Y,Afrosoricida,Tenrecomorpha,Tenrecidae,Geogalinae,Geogale,aurita,,Geogale_aurita,
90,'FMNH_176204_cr_lt_1A_17_09_2013.TIF',FMNH_176204,Y,Afrosoricida,Tenrecomorpha,Tenrecidae,Geogalinae,Geogale,aurita,,Geogale_aurita,
91,'FMNH_176211_cr_lt_1A_17_09_2013.TIF',FMNH_176211,Y,Afrosoricida,Tenrecomorpha,Tenrecidae,Geogalinae,Geogale,aurita,,Geogale_aurita,
92,'FMNH_176385_cr_lt_1A_17_09_2013.TIF',FMNH_176385,Y,Afrosoricida,Tenrecomorpha,Tenrecidae,Oryzorictinae,Microgale,dryas,,Microgale_dryas,
93,'FMNH_176387_cr_lt_1A_17_09_2013.TIF',FMNH_176387,Y,Afrosoricida,Tenrecomorpha,Tenrecidae,Oryzorictinae,Microgale,dryas,,Microgale_dryas,
94,'FMNH_176389_cr_lt_1A_17_09_2013.TIF',FMNH_176389,Y,Afrosoricida,Tenrecomorpha,Tenrecidae,Oryzorictinae,Microgale,dryas,,Microgale_dryas,
95,'FMNH_176395_cr_lt_1A_17_09_2013.TIF',FMNH_176395,Y,Afrosoricida,Tenrecomorpha,Tenrecidae,Oryzorictinae,Microgale,dryas,,Microgale_dryas,
96,'FMNH_206739_cr_lt_1A_26_09_2013.TIF',FMNH_206739,Y,Soricomorpha,,Talpidae,Talpinae,Neurotrichus,gibbsii,minor,Neurotrichus_gibbsii,Neurotrichus_gibbsii_minor
97,'FMNH_209199_cr_lt_1A_19_09_2013.TIF',FMNH_209199,Y,Afrosoricida,Tenrecomorpha,Tenrecidae,Oryzorictinae,Microgale,grandidieri,,Microgale_grandidieri,
98,'FMNH_209200_cr_lt_1A_19_09_2013.TIF',FMNH_209200,Y,Afrosoricida,Tenrecomorpha,Tenrecidae,Oryzorictinae,Microgale,grandidieri,,Microgale_grandidieri,
99,'FMNH_209201_cr_lt_1A_19_09_2013.TIF',FMNH_209201,Y,Afrosoricida,Tenrecomorpha,Tenrecidae,Oryzorictinae,Microgale,grandidieri,,Microgale_grandidieri,
100,'FMNH_209202_cr_lt_1A_19_09_2013.TIF',FMNH_209202,Y,Afrosoricida,Tenrecomorpha,Tenrecidae,Oryzorictinae,Microgale,grandidieri,,Microgale_grandidieri,
101,'FMNH_209203_cr_lt_1A_19_09_2013.TIF',FMNH_209203,Y,Afrosoricida,Tenrecomorpha,Tenrecidae,Oryzorictinae,Microgale,grandidieri,,Microgale_grandidieri,
102,'FMNH_23515_cr_lt_1A_30_09_2013.TIF',FMNH_23515,Y,Soricomorpha,,Soricidae,Soricinae,Sorex,araneus,,Sorex_araneus,
103,'FMNH_35407_cr_lt_1A_27_09_2013.TIF',FMNH_35407,Y,Soricomorpha,,Talpidae,Talpinae,Euroscaptor,micrura,,Euroscaptor_micrura,
104,'FMNH_35409_cr_lt_1A_27_09_2013.TIF',FMNH_35409,Y,Soricomorpha,,Talpidae,Talpinae,Euroscaptor,micrura,,Euroscaptor_micrura,
105,'FMNH_38115_cr_lt_1A_26_09_2013.TIF',FMNH_38115,Y,Erincaeomorpha,,Erinaceidae,Erinaceinae,Atelerix,frontalis,,Atelerix_frontalis,
106,'FMNH_38116_cr_lt_1A_26_09_2013.TIF',FMNH_38116,Y,Erincaeomorpha,,Erinaceidae,Erinaceinae,Atelerix,frontalis,,Atelerix_frontalis,
107,'FMNH_38119_cr_lt_1A_26_09_2013.TIF',FMNH_38119,Y,Erincaeomorpha,,Erinaceidae,Erinaceinae,Atelerix,frontalis,,Atelerix_frontalis,
108,'FMNH_53073_cr_lt_1A_23_09_2013.TIF',FMNH_53073,Y,Afrosoricida,Chrysochloridea,Chrysochloridae,Amblysominae,Amblysomus,corriae,,Amblysomus_corriae,
109,'FMNH_68736_cr_lt_1A_25_09_2013.TIF',FMNH_68736,Y,Erinaceomorpha,,Erinaceidae,Galericinae,Echinosorex,gymnura,alba,Echinosorex_gymnura,Echinosorex_gymnura_alba
110,'FMNH_68740_cr_lt_1A_25_09_2013.TIF',FMNH_68740,Y,Erinaceomorpha,,Erinaceidae,Galericinae,Echinosorex,gymnura,alba,Echinosorex_gymnura,Echinosorex_gymnura_alba
111,'FMNH_72831_cr_lt_1A_23_09_2013.TIF',FMNH_72831,Y,Afrosoricida,Tenrecomorpha,Tenrecidae,Potamogalinae,Potamogale,velox,,Potamogale_velox,
112,'FMNH_74927_cr_lt_1A_25_09_2013.TIF',FMNH_74927,Y,Erinaceomorpha,,Erinaceidae,Erinaceinae,Paraechinus,aethiopicus,deserti,Paraechinus_aethiopicus,Paraechinus_aethiopicus_deserti
113,'FMNH_81731_cr_lt_1A_23_09_2013.TIF',FMNH_81731,Y,Afrosoricida,Chrysochloridea,Chrysochloridae,Amblysominae,Calcochloris,leucorhinus,leucorhinus,Calcochloris_leucorhinus,Calcochloris_leucorhinus_leucorhinus
114,'FMNH_82116_cr_lt_1A_25_09_2013.TIF',FMNH_82116,Y,Erinaceomorpha,,Erinaceidae,Erinaceinae,Erinaceus,concolor,,Erinaceus_concolor,
115,'FMNH_82118_cr_lt_1A_25_09_2013.TIF',FMNH_82118,Y,Erinaceomorpha,,Erinaceidae,Erinaceinae,Erinaceus,concolor,,Erinaceus_concolor,
116,'FMNH_82120_cr_lt_1A_25_09_2013.TIF',FMNH_82120,Y,Erinaceomorpha,,Erinaceidae,Erinaceinae,Erinaceus,concolor,,Erinaceus_concolor,
117,'FMNH_82582_cr_lt_1A_27_09_2013.TIF',FMNH_82582,Y,Soricomorpha,,Talpidae,Talpinae,Euroscaptor,micrura,,Euroscaptor_micrura,
118,'FMNH_83540_cr_lt_1A_23_09_2013.TIF',FMNH_83540,Y,Afrosoricida,Chrysochloridea,Chrysochloridae,Amblysominae,Calcochloris,leucorhinus,leucorhinus,Calcochloris_leucorhinus,Calcochloris_leucorhinus_leucorhinus
119,'FMNH_96419_cr_lt_1A_27_09_2013.TIF',FMNH_96419,Y,Soricomorpha,,Talpidae,Talpinae,Talpa,caeca,caeca,Talpa_caeca,Talpa_caeca_caeca
120,'FMNH_9725_cr_lt_1A_30_09_2013.TIF',FMNH_9725,Y,Soricomorpha,,Soricidae,Soricinae,Sorex,bendirii,palmeri,Sorex_bendirii,Sorex_bendirii_palmeri
121,'FMNH_98438_cr_lt_1A_26_09_2013.TIF',FMNH_98438,Y,Erinaceomorpha,,Erinaceidae,Galericinae,Hylomys,suillus,maxi,Hylomys_suillus,Hylomys_suillus_maxi
122,'FMNH_98439_cr_lt_1A_26_09_2013.TIF',FMNH_98439,Y,Erinaceomorpha,,Erinaceidae,Galericinae,Hylomys,suillus,maxi,Hylomys_suillus,Hylomys_suillus_maxi
123,'MCZ_18133_cr_lt_1A_02_05_2013.TIF',MCZ_18133,Y,Soricomorpha,,Talpidae,Scalopinae,Scapanus,townsendii,,Scapanus_townsendii,
124,'MCZ_18134_cr_lt_1A_02_05_2013.TIF',MCZ_18134,Y,Soricomorpha,,Talpidae,Scalopinae,Scapanus,townsendii,,Scapanus_townsendii,
125,'MCZ_18136_cr_lt_1A_02_05_2013.TIF',MCZ_18136,Y,Soricomorpha,,Talpidae,Scalopinae,Scapanus,townsendii,,Scapanus_townsendii,
126,'MCZ_18_cr_lt_1A_29_04_2013.TIF',MCZ_18,Y,Soricomorpha,,Soricidae,Soricinae,Neomys,fodiens,,Neomys_fodiens,
127,'MCZ_22204_cr_lt_1A_30_04_2013.TIF',MCZ_22204,Y,Erinaceomorpha,,Erinaceidae,Erinaceinae,Erinaceus,europaeus,,Erinaceus_europaeus,
128,'MCZ_22206_cr_lt_1A_30_04_2013.TIF',MCZ_22206,Y,Erinaceomorpha,,Erinaceidae,Erinaceinae,Erinaceus,europaeus,,Erinaceus_europaeus,
129,'MCZ_22207_cr_lt_1A_30_04_2013.TIF',MCZ_22207,Y,Erinaceomorpha,,Erinaceidae,Erinaceinae,Erinaceus,europaeus,,Erinaceus_europaeus,
130,'MCZ_22986_cr_lt_1A_02_05_2013.TIF',MCZ_22986,Y,Erinaceomorpha,,Erinaceidae,Erinaceinae,Atelerix,albiventris,,Atelerix_albiventris,
131,'MCZ_23373_cr_lt_1A_29_04_2013.TIF',MCZ_23373,Y,Afrosoricida,Chrysochloridea,Chrysochloridae,Chrysochlorinae,Chrysochloris,stuhlmanni,,Chrysochloris_stuhlmanni,
132,'MCZ_26425_cr_lt_1A_02_05_2013.TIF',MCZ_26425,Y,Erinaceomorpha,,Erinaceidae,Erinaceinae,Atelerix,albiventris,,Atelerix_albiventris,
133,'MCZ_28159_cr_lt_left_1A_02_05_2013_flipped.tif',MCZ_28159,Y,Notoryctemorphia,,Notoryctidae,,Notoryctes,typhlops,,Notoryctes_typhlops,
134,'MCZ_29561_cr_lt_1A_02_05_2013.TIF',MCZ_29561,Y,Soricomorpha,,Talpidae,Talpinae,Desmana,moschata,,Desmana_moschata,
135,'MCZ_32771_cr_lt_1A_02_05_2013.TIF',MCZ_32771,Y,Soricomorpha,,Talpidae,Talpinae,Desmana,moschata,,Desmana_moschata,
136,'MCZ_32782_cr_lt_1A_29_04_2013.TIF',MCZ_32782,Y,Soricomorpha,,Soricidae,Soricinae,Neomys,fodiens,,Neomys_fodiens,
137,'MCZ_3286_cr_lt_left_1A_29_04_2013_flipped.tif',MCZ_3286,Y,Soricomorpha,,Soricidae,Soricinae,Neomys,fodiens,,Neomys_fodiens,
138,'MCZ_34894_cr_lt_1A_01_05_2013.TIF',MCZ_34894,Y,Soricomorpha,,Soricidae,Soricinae,Neomys,anomalus,,Neomys_anomalus,
139,'MCZ_34895_cr_lt_1A_01_05_2013.TIF',MCZ_34895,Y,Soricomorpha,,Soricidae,Soricinae,Neomys,anomalus,,Neomys_anomalus,
140,'MCZ_35359_cr_lt_1A_02_05_2013.TIF',MCZ_35359,Y,Soricomorpha,,Talpidae,Talpinae,Galemys,pyrenaicus,,Galemys_pyrenaicus,
141,'MCZ_38252_cr_lt_1A_29_04_2013.TIF',MCZ_38252,Y,Erinaceomorpha,,Erinaceidae,Galericinae,Neotetracus,sinensis,,Neotetracus_sinensis,
142,'MCZ_38261_cr_lt_1A_29_04_2013.TIF',MCZ_38261,Y,Erinaceomorpha,,Erinaceidae,Galericinae,Neotetracus,sinensis,,Neotetracus_sinensis,
143,'MCZ_38262_cr_lt_1A_29_04_2013.TIF',MCZ_38262,Y,Erinaceomorpha,,Erinaceidae,Galericinae,Neotetracus,sinensis,,Neotetracus_sinensis,
144,'MCZ_43745_cr_lt_1A_01_05_2013.TIF',MCZ_43745,Y,Soricomorpha,,Soricidae,Crocidurinae,Crocidura,fumosa,,Crocidura_fumosa,
145,'MCZ_43746_cr_lt_1A_01_05_2013.TIF',MCZ_43746,Y,Soricomorpha,,Soricidae,Crocidurinae,Crocidura,fumosa,,Crocidura_fumosa,
146,'MCZ_43750_cr_lt_1A_01_05_2013.TIF',MCZ_43750,Y,Soricomorpha,,Soricidae,Crocidurinae,Crocidura,fumosa,,Crocidura_fumosa,
147,'MCZ_45021_cr_lt_1A_29_04_2013.TIF',MCZ_45021,Y,Afrosoricida,Tenrecomorpha,Tenrecidae,Oryzorictinae,Oryzorictes,tetradactylus,,Oryzorictes_tetradactylus,
148,'MCZ_45022_cr_lt_1A_29_04_2013.TIF',MCZ_45022,Y,Afrosoricida,Tenrecomorpha,Tenrecidae,Oryzorictinae,Oryzorictes,tetradactylus,,Oryzorictes_tetradactylus,
149,'MCZ_45033_cr_lt_1A_02_05_2013.TIF',MCZ_45033,Y,Afrosoricida,Tenrecomorpha,Tenrecidae,Oryzorictinae,Microgale,pusilla,,Microgale_pusilla,
150,'MCZ_45050_cr_lt_1A_29_04_2013.TIF',MCZ_45050,Y,Afrosoricida,Tenrecomorpha,Tenrecidae,Oryzorictinae,Limnogale,mergulus,,Limnogale_mergulus,
151,'MCZ_45450_cr_lt_1A_29_04_2013.TIF',MCZ_45450,Y,Afrosoricida,Tenrecomorpha,Tenrecidae,Geogalinae,Geogale,aurita,,Geogale_aurita,
152,'MCZ_46274_cr_lt_1A_29_04_2013.TIF',MCZ_46274,Y,Afrosoricida,Tenrecomorpha,Tenrecidae,Geogalinae,Geogale,aurita,,Geogale_aurita,
153,'MCZ_4836_cr_lt_1A_01_05_2013.TIF',MCZ_4836,Y,Soricomorpha,,Talpidae,Scalopinae,Scapanus,latimanus,,Scapanus_latimanus,
154,'MCZ_5187_cr_lt_left_1A_29_04_2013_flipped.tif',MCZ_5187,Y,Erinaceomorpha,,Erinaceidae,Erinaceinae,Hemiechinus,collaris,,Hemiechnius_collaris,
155,'MCZ_56806_cr_lt_1A_02_05_2013.TIF',MCZ_56806,Y,Erinaceomorpha,,Erinaceidae,Erinaceinae,Atelerix,albiventris,,Atelerix_albiventris,
156,'MCZ_64784_cr_lt_1A_29_04_2013.TIF',MCZ_64784,Y,Soricomorpha,,Soricidae,Soricinae,Sorex,palustris,albibarbis,Sorex_palustris,Sorex_palustris_albibarbis
157,'MCZ_64793_cr_lt_1A_29_04_2013.TIF',MCZ_64793,Y,Soricomorpha,,Soricidae,Soricinae,Sorex,palustris,albibarbis,Sorex_palustris,Sorex_palustris_albibarbis
158,'MCZ_67217_cr_lt_1A_29_04_2013.TIF',MCZ_67217,Y,Soricomorpha,,Soricidae,Soricinae,Sorex,palustris,albibarbis,Sorex_palustris,Sorex_palustris_albibarbis
159,'MCZ_79_cr_lt_1A_01_05_2013.TIF',MCZ_79,Y,Soricomorpha,,Talpidae,Scalopinae,Scapanus,latimanus,,Scapanus_latimanus,
160,'MCZ_9149_cr_lt_1A_01_05_2013.TIF',MCZ_9149,Y,Soricomorpha,,Talpidae,Scalopinae,Scapanus,latimanus,,Scapanus_latimanus,
161,'NHML_1870.3.10.15_1527.a_cr_lt_1A_02_13.TIF',NHML_1870.3.10.15_1527.a,Y,Afrosoricida,Tenrecomorpha,Tenrecidae,Tenrecinae,Setifer,setosus,,Setifer_setosus,
162,'NHML_1919.7.7.2313_cr_lt_1A_01_13.TIF',NHML_1919.7.7.2313,Y,Soricomorpha,,Talpidae,Talpinae,Desmana,moschata,,Desmana_moschata,
163,'NHML_1934.6.16.2_cr_lt_1A_02_13.TIF',NHML_1934.6.16.2,Y,Afrosoricida,Tenrecomorpha,Tenrecidae,Potamogalinae,Potamogale,velox,,Potamogale_velox,
164,'NHML_1958.3.11.7_cr_lt_1A_01_13.TIF',NHML_1958.3.11.7,Y,Soricomorpha,,Talpidae,Scalopinae,Scalopus,aquaticus,,Scalopus_aquaticus,
165,'NHML_1960.10.11.12_cr_lt_1A_01_13.TIF',NHML_1960.10.11.12,Y,Soricomorpha,,Talpidae,Talpinae,Galemys,pyrenaicus,,Galemys_pyrenaicus,
166,'NHML_1960.5.2.1_cr_lt_1A_02_13.TIF',NHML_1960.5.2.1,Y,Erinaceomorpha,,Erinaceidae,Galericinae,Echinosorex,gymnura,,Echinosorex_gymnura,
167,'NHML_1960.8.4.7_cr_lt_1A_01_13.TIF',NHML_1960.8.4.7,Y,Erinaceomorpha,,Erinaceidae,Galericinae,Hylomys,suillus,,Hylomys_suillus,
168,'NHML_1961.6.2.3_cr_lt_left_1A_01_13_flipped.tif',NHML_1961.6.2.3,Y,Afrosoricida,Chrysochloridea,Chrysochloridae,Chrysochlorinae,Chrysospalax,trevelyani,,Chrysospalax_trevelyani,
169,'NHML_1966.7.6.2_cr_lt_1A_01_13.TIF',NHML_1966.7.6.2,Y,Soricomorpha,,Talpidae,Talpinae,Urotrichus,talpoides,,Urotrichus_talpoides,
170,'NHML_3.1.1.1_cr_lt_1A_01_13.TIF',NHML_3.1.1.1,Y,Afrosoricida,Tenrecomorpha,Tenrecidae,Geogalinae,Geogale,aurita,,Geogale_aurita,
171,'NHML_3.6.2.10_cr_lt_1A_01_13.TIF',NHML_3.6.2.10,Y,Afrosoricida,Chrysochloridea,Chrysochloridae,Amblysominae,Amblysomus,hottentotus,,Amblysomus_hottentotus,
172,'NHML_3509_fl_cr_lt_left_2A_02_13_flipped.tif',NHML_3509,Y,Afrosoricida,Tenrecomorpha,Tenrecidae,Tenrecinae,Tenrec,ecaudatus,,Tenrec_ecaudatus,
173,'NHML_67.213_cr_lt_1A_02_13.TIF',NHML_67.213,Y,Afrosoricida,Tenrecomorpha,Tenrecidae,Potamogalinae,Micropotamogale,ruwenzorii,,Micropotamogale_ruwenzorii,
174,'NHML_73.170_cr_lt_1A_02_13.TIF',NHML_73.170,Y,Afrosoricida,Tenrecomorpha,Tenrecidae,Potamogalinae,Micropotamogale,lamottei,,Micropotamogale_lamottei,
175,'NHML_74.668_cr_lt_1A_01_13.TIF',NHML_74.668,Y,Afrosoricida,Chrysochloridea,Chrysochloridae,Chrysochlorinae,Chrysochloris,sp.,,Chrysochloris_sp.,
176,'NHML_75.2223_cr_lt_1A_01_13.TIF',NHML_75.2223,Y,Afrosoricida,Tenrecomorpha,Tenrecidae,Oryzorictinae,Microgale,cowani,,Microgale_cowani,
177,'NHML_82.3.1.11_cr_lt_left_2A_01_13_flipped.tif',NHML_82.3.1.11,Y,Afrosoricida,Tenrecomorpha,Tenrecidae,Tenrecinae,Hemicentetes,nigriceps,,Hemicentetes_nigriceps,
178,'NHML_98.2.2.8_cr_lt_1A_01_13.TIF',NHML_98.2.2.8,Y,Soricomorpha,,Talpidae,Talpinae,Talpa,occidentalis,,Talpa_occidentalis,
179,'SI_081981_cr_lt_1A_11_04_2013.TIF',SI_081981,Y,Soricomorpha,,Talpidae,Talpinae,Neurotrichus,gibbsii,gibbsii,Neurotrichus_gibbsii,Neurotrichus_gibbsii_gibbsii
180,'SI_081984_cr_lt_1A_11_04_2013.TIF',SI_081984,Y,Soricomorpha,,Talpidae,Talpinae,Neurotrichus,gibbsii,gibbsii,Neurotrichus_gibbsii,Neurotrichus_gibbsii_gibbsii
181,'SI_081985_cr_lt_1A_11_04_2013.TIF',SI_081985,Y,Soricomorpha,,Talpidae,Talpinae,Neurotrichus,gibbsii,gibbsii,Neurotrichus_gibbsii,Neurotrichus_gibbsii_gibbsii
182,'SI_083658_cr_lt_1A_29_03_2013.TIF',SI_083658,Y,Afrosoricida,Tenrecomorpha,Tenrecidae,Tenrecinae,Hemicentetes,semispinosus,,Hemicentetes_semispinosus,
183,'SI_111038_cr_lt_1A_19_04_2013.TIF',SI_111038,Y,Soricomorpha,,Soricidae,Soricinae,Blarina,brevicauda,,Blarina_brevicauda,
184,'SI_112924_cr_lt_1A_09_04_2013.TIF',SI_112924,Y,Soricomorpha,,Soricidae,Soricinae,Sorex,alpinus,,Sorex_alpinus,
185,'SI_112929_cr_lt_1A_09_04_2013.TIF',SI_112929,Y,Soricomorpha,,Soricidae,Soricinae,Sorex,alpinus,,Sorex_alpinus,
186,'SI_112932_cr_lt_1A_09_04_2013.TIF',SI_112932,Y,Soricomorpha,,Soricidae,Soricinae,Sorex,alpinus,,Sorex_alpinus,
187,'SI_114127_cr_lt_1A_18_04_2013.TIF',SI_114127,Y,Soricomorpha,,Talpidae,Talpinae,Urotrichus,talpoides,,Urotrichus_talpoides,
188,'SI_115274_cr_lt_1A_16_04_2013.TIF',SI_115274,Y,Soricomorpha,,Talpidae,Talpinae,Talpa,caeca,caeca,Talpa_caeca,Talpa_caeca_caeca
189,'SI_121210_cr_lt_1A_16_04_2013.TIF',SI_121210,Y,Soricomorpha,,Talpidae,Talpinae,Talpa,caeca,caeca,Talpa_caeca,Talpa_caeca_caeca
190,'SI_121215_cr_lt_1A_16_04_2013.TIF',SI_121215,Y,Soricomorpha,,Talpidae,Talpinae,Talpa,caeca,caeca,Talpa_caeca,Talpca_caeca_caeca
191,'SI_131009_cr_lt_1A_09_04_2013.TIF',SI_131009,Y,Soricomorpha,,Soricidae,Soricinae,Sorex,cinereus,cinereus,Sorex_cinereus,Sorex_cinereus_cinereus
192,'SI_131010_cr_lt_1A_09_04_2013.TIF',SI_131010,Y,Soricomorpha,,Soricidae,Soricinae,Sorex,cinereus,cinereus,Sorex_cinereus,Sorex_cinereus_cinereus
193,'SI_131016_cr_lt_1A_09_04_2013.TIF',SI_131016,Y,Soricomorpha,,Soricidae,Soricinae,Sorex,cinereus,cinereus,Sorex_cinereus,Sorex_cinereus_cinereus
194,'SI_135614_cr_lt_1A_19_04_2013.TIF',SI_135614,Y,Soricomorpha,,Soricidae,Soricinae,Blarina,brevicauda,talpoides,Blarina_brevicauda,Blarina_brevicauda_talpoides
195,'SI_135621_cr_lt_1A_19_04_2013.TIF',SI_135621,Y,Soricomorpha,,Soricidae,Soricinae,Blarina,brevicauda,talpoides,Blarina_brevicauda,Blarina_brevicauda_talpoides
196,'SI_152328_cr_lt_1A_18_04_2013.TIF',SI_152328,Y,Soricomorpha,,Talpidae,Talpinae,Talpa,europaea,europaea,Talpa_europaea,Talpa_europaea_europaea
197,'SI_152330_cr_lt_1A_18_04_2013.TIF',SI_152330,Y,Soricomorpha,,Talpidae,Talpinae,Talpa,europaea,europaea,Talpa_europaea,Talpa_europaea_europaea
198,'SI_152369_cr_lt_1A_18_04_2013.TIF',SI_152369,Y,Soricomorpha,,Talpidae,Talpinae,Talpa,europaea,europaea,Talpa_europaea,Talpa_europaea_europaea
199,'SI_152522_cr-lt_1A_09_04_2013.TIF',SI_152522,Y,Soricomorpha,,Talpidae,Talpinae,Galemys,pyrenaicus,,Galemys_pyrenaicus,
200,'SI_154988_cr_lt_1A_03_04_2013.TIF',SI_154988,Y,Afrosoricida,Tenrecomorpha,Tenrecidae,Oryzorictinae,Microgale,dobsoni,,Microgale_dobsoni,
201,'SI_154989_cr_lt_1A_26_03_2013.TIF',SI_154989,Y,Afrosoricida,Tenrecomorpha,Tenrecidae,Oryzorictinae,Oryzorictes,tetradactylus,,Oryzorictes_tetradactylus,
202,'SI_168479_cr_lt_1A_11_04_2013.TIF',SI_168479,Y,Soricomorpha,,Talpidae,Scalopinae,Scalopus,aquaticus,aereus,Scalopus_aquaticus,Scalopus_aquaticus_aereus
203,'SI_169228_cr_lt_1A_11_04_2013.TIF',SI_169228,Y,Soricomorpha,,Talpidae,Scalopinae,Scalopus,aquaticus,aereus,Scalopus_aquaticus,Scalopus_aquaticus_aereus
204,'SI_170587_cr_lt_1A_11_04_2013.TIF',SI_170587,Y,Soricomorpha,,Talpidae,Scalopinae,Scalopus,aquaticus,aereus,Scalopus_aquaticus,Scalopus_aquaticus_aereus
205,'SI_182583_cr_lt_1A_16_04_2013.TIF',SI_182583,Y,Soricomorpha,,Soricidae,Myosoricinae,Surdisorex,norae,,Surdisorex_norae,
206,'SI_186672_cr_lt_1A_09_04_2013.TIF',SI_186672,Y,Soricomorpha,,Talpidae,Talpinae,Galemys,pyrenaicus,pyrenaicus,Galemys_pyrenaicus,Galemys_pyrenaicus_pyrenaicus
207,'SI_221420_cr_lt_1A_28_03_2013.TIF',SI_221420,Y,Afrosoricida,Chrysochloridea,Chrysochloridae,Chrysochlorinae,Chlorotalpa,duthieae,,Chlorotalpa_duthieae,
208,'SI_254812_cr_lt_1A_16_04_2013.TIF',SI_254812,Y,Soricomorpha,,Soricidae,Soricinae,Nectogale,elegans,,Nectogale_elegans,
209,'SI_259351_cr_lt_1A_16_04_2013.TIF',SI_259351,Y,Soricomorpha,,Soricidae,Soricinae,Anourosorex,squamipes,,Anourosorex_squamipes,
210,'SI_259356_cr_lt_1A_16_04_2013.TIF',SI_259356,Y,Soricomorpha,,Soricidae,Soricinae,Anourosorex,squamipes,,Anourosorex_squamipes,
211,'SI_260640_cr_lt_1A_28_03_2013.TIF',SI_260640,Y,Erinaceomorpha,,Erinaceidae,Galericinae,Hylomys,suillus,,Hylomys_suillus,
212,'SI_261041_cr_lt_1A_16_04_2013.TIF',SI_261041,Y,Soricomorpha,,Soricidae,Soricinae,Anourosorex,yamashinai,,Anourosorex_yamashinai,
213,'SI_261090_cr_lt_1A_11_04_2013.TIF',SI_261090,Y,Soricomorpha,,Talpidae,Talpinae,Euroscaptor,klossi,,Euroscaptor_klossi,
214,'SI_266897_cr_lt_1A_05_04_2013.TIF',SI_266897,Y,Afrosoricida,Tenrecomorpha,Tenrecidae,Potamogalinae,Potamogale,velox,,Potamogale_velox,
215,'SI_267653_cr_lt_1A_28_03_2013.TIF',SI_267653,Y,Erinaceomorpha,,Erinaceidae,Erinaceinae,Atelerix,frontalis,,Atelerix_frontalis,
216,'SI_270539_cr_lt_1A_08_04_2013.TIF',SI_270539,Y,Erinaceomorpha,,Erinaceidae,Erinaceinae,Mesechinus,dauuricus,,Mesechinus_dauuricus,
217,'SI_270540_cr_lt_1A_08_04_2013.TIF',SI_270540,Y,Erinaceomorpha,,Erinaceidae,Erinaceinae,Mesechinus,dauuricus,,Mesechinus_dauuricus,
218,'SI_270541_cr_lt_1A_05_04_2013.TIF',SI_270541,Y,Erinaceomorpha,,Erinaceidae,Erinaceinae,Erinaceus,amurensis,,Erinaceus_amurensis,
219,'SI_270542_cr_lt_1A_05_04_2013.TIF',SI_270542,Y,Erinaceomorpha,,Erinaceidae,Erinacinae,Erinaceus,amurensis,,Erinaceus_amurensis,
220,'SI_290520_cr_lt_1A_01_04_2013.TIF',SI_290520,Y,Soricomorpha,,Solenodontidae,,Solenodon,paradoxus,,Solenodon_paradoxus,
221,'SI_291735_cr_lt_1A_18_04_2013.TIF',SI_291735,Y,Soricomorpha,,Talpidae,Talpinae,Urotrichus,talpoides,,Urotrichus_talpoides,
222,'SI_294497_cr_lt_1A_01_04_2013.TIF',SI_294497,Y,Afrosoricida,,Tenrecidae,Tenrecinae,Setifer,setosus,,Setifer_setosus,
223,'SI_294504_cr_lt_1A_29_03_2013.TIF',SI_294504,Y,Afrosoricida,,Tenrecidae,Tenrecinae,Hemicentetes,semispinosus,,Hemicentetes_semispinosus,
224,'SI_294507_cr_lt_1A_29_03_2013.TIF',SI_294507,Y,Afrosoricida,,Tenrecidae,Tenrecinae,Hemicentetes,nigriceps,,Hemicentetes_nigriceps,
225,'SI_294508_cr_lt_1A_29_03_2013.TIF',SI_294508,Y,Afrosoricida,,Tenrecidae,Tenrecinae,Hemicentetes,nigriceps,,Hemicentetes_nigriceps,
226,'SI_294510_cr_lt_1A_29_03_2013.TIF',SI_294510,Y,Afrosoricida,,Tenrecidae,Tenrecinae,Hemicentetes,nigriceps,,Hemicentetes_nigriceps,
227,'SI_294511_cr_lt_1A_29_03_2013.TIF',SI_294511,Y,Afrosoricida,,Tenrecidae,Tenrecinae,Hemicentetes,nigriceps,,Hemicentetes_nigriceps,
228,'SI_294520_cr_lt_1A_03_04_2013.TIF',SI_294520,Y,Afrosoricida,,Tenrecidae,Oryzorictinae,Microgale,dobsoni,,Microgale_dobsoni,
229,'SI_299278_cr_lt_1A_18_04_2013.TIF',SI_299278,Y,Soricomorpha,,Talpidae,Talpinae,Urotrichus,talpoides,hondoensis,Urotrichus_talpoides,Urotrichus_talpoides_hondoensis
230,'SI_300009_cr_lt_1A_28_03_2013.TIF',SI_300009,Y,Erinaceomorpha,,Erinaceidae,Galericinae,Hylomys,suillus,,Hylomys_suillus,
231,'SI_300010_cr_lt_1A_28_03_2013.TIF',SI_300010,Y,Erinaceomorpha,,Erinaceidae,Galericinae,Hylomys,suillus,,Hylomys_suillus,
232,'SI_300634_cr_lt_1A_01_04_2013.TIF',SI_300634,Y,Soricomorpha,,Solenodontidae,,Solenodon,cubanus,,Solenodon_cubanus,
233,'SI_307652_cr_lt_1A_28_03_2013.TIF',SI_307652,Y,Erinaceomorpha,,Erinaceidae,Galericinae,Hylomys,suillus,,Hylomys_suillus,
234,'SI_320499_cr_lt_1A_28_03_2013.TIF',SI_320499,Y,Erinaceomorpha,,Erinaceidae,Galericinae,Hylomys,suillus,,Hylomys_suillus,
235,'SI_320531_cr_lt_1A_11_04_2013.TIF',SI_320531,Y,Soricomorpha,,Talpidae,Talpinae,Euroscaptor,klossi,,Euroscaptor_klossi,
236,'SI_320532_cr_lt_1A_11_04_2013.TIF',SI_320532,Y,Soricomorpha,,Talpidae,Talpinae,Euroscaptor,klossi,,Euroscaptor_klossi,
237,'SI_326693_cr_lt_1A_19_04_2013.TIF',SI_326693,Y,Erinaceomorpha,,Erinaceidae,Erinaceinae,Hemiechinus,auritus,,Hemiechinus_auritus,
238,'SI_327190_cr_lt_1A_05_04_2013.TIF',SI_327190,Y,Erinaceomorpha,,Erinaceidae,Erinaceinae,Erinaceus,concolor,,Erinaceus_concolor,
239,'SI_327893_cr_lt_1A_11_04_2013.TIF',SI_327893,Y,Erinaceomorpha,,Talpidae,Scalopinae,Condylura,cristata,,Condylura_cristata,
240,'SI_327911_cr_lt_1A_19_04_2013.TIF',SI_327911,Y,Erinaceomorpha,,Erinaceidae,Erinaceinae,Hemiechinus,auritus,,Hemiechinus_auritus,
241,'SI_327912_cr_lt_1A_19_04_2013.TIF',SI_327912,Y,Erinaceomorpha,,Erinaceidae,Erinaceinae,Hemiechinus,auritus,,Hemiechinus_auritus,
242,'SI_328604_cr_lt_1A_01_04_2013.TIF',SI_328604,Y,Afrosoricida,Tenrecomorpha,Tenrecidae,Tenrecinae,Setifer,setosus,,Setifer_setosus,
243,'SI_328605_cr_lt_1A_01_04_2013.TIF',SI_328605,Y,Afrosoricida,Tenrecomorpha,Tenrecidae,Tenrecinae,Setifer,setosus,,Setifer_setosus,
244,'SI_328614_cr_lt_1A_01_04_2013.TIF',SI_328614,Y,Afrosoricida,Tenrecomorpha,Tenrecidae,Tenrecinae,Setifer,setosus,,Setifer_setosus,
245,'SI_328616_cr_lt_1A_01_04_2013.TIF',SI_328616,Y,Afrosoricida,Tenrecomorpha,Tenrecidae,Tenrecinae,Echinops,telfairi,,Echinops_telfairi,
246,'SI_328619_cr_lt_1A_01_04_2013.TIF',SI_328619,Y,Afrosoricida,Tenrecomorpha,Tenrecidae,Tenrecinae,Echinops,telfairi,,Echinops_telfairi,
247,'SI_328622_cr_lt_1A_01_04_2013.TIF',SI_328622,Y,Afrosoricida,Tenrecomorpha,Tenrecidae,Tenrecinae,Echinops,telfairi,,Echinops_telfairi,
248,'SI_328624_cr_lt_1A_01_04_2013.TIF',SI_328624,Y,Afrosoricida,Tenrecomorpha,Tenrecidae,Tenrecinae,Echinops,telfairi,,Echinops_telfairi,
249,'SI_328653_cr_lt_1A_03_04_2013.TIF',SI_328653,Y,Afrosoricida,Tenrecomorpha,Tenrecidae,Oryzorictinae,Microgale,cowani,,Microgale_cowani,
250,'SI_328662_cr_lt_1A_03_04_2013.TIF',SI_328662,Y,Afrosoricida,Tenrecomorpha,Tenrecidae,Oryzorictinae,Microgale,cowani,,Microgale_cowani,
251,'SI_328667_cr_lt_1A_03_04_2013.TIF',SI_328667,Y,Afrosoricida,Tenrecomorpha,Tenrecidae,Oryzorictinae,Microgale,cowani,,Microgale_cowani,
252,'SI_328669_cr_lt_1A_03_04_2013.TIF',SI_328669,Y,Afrosoricida,Tenrecomorpha,Tenrecidae,Oryzorictinae,Microgale,cowani,,Microgale_cowani,
253,'SI_328670_cr_lt_1A_03_04_2013.TIF',SI_328670,Y,Afrosoricida,Tenrecomorpha,Tenrecidae,Oryzorictinae,Microgale,cowani,,Microgale_cowani,
254,'SI_328688_cr_lt_1A_26_03_2013.TIF',SI_328688,Y,Afrosoricida,Tenrecomorpha,Tenrecidae,Oryzorictinae,Microgale,pusilla,,Microgale_pusilla,
255,'SI_328689_cr_lt_1A_26_03_2013.TIF',SI_328689,Y,Afrosoricida,Tenrecomorpha,Tenrecidae,Oryzorictinae,Microgale,pusilla,,Microgale_pusilla,
256,'SI_328690_cr_lt_left_1A_26_03_2013_flipped.tif',SI_328690,Y,Afrosoricida,Tenrecomorpha,Tenrecidae,Oryzorictinae,Microgale,pusilla,,Microgale_pusilla,
257,'SI_328695_cr_lt_1A_03_04_2013.TIF',SI_328695,Y,Afrosoricida,Tenrecomorpha,Tenrecidae,Oryzorictinae,Microgale,dobsoni,,Microgale_dobsoni,
258,'SI_328697_cr_lt_1A_19_04_2013.TIF',SI_328697,Y,Soricomorpha,,Soricidae,Crocidurinae,Suncus,murinus,,Suncus_murinus,
259,'SI_328698_cr_lt_1A_19_04_2013.TIF',SI_328698,Y,Soricomorpha,,Soricidae,Crocidurinae,Suncus,murinus,,Suncus_murinus,
260,'SI_328700_cr_lt_1A_19_04_2013.TIF',SI_328700,Y,Soricomorpha,,Soricidae,Crocidurinae,Suncus,murinus,,Suncus_murinus,
261,'SI_330033_cr_lt_1A_11_04_2013.TIF',SI_330033,Y,Soricomorpha,,Talpidae,Talpinae,Mogera,insularis,,Mogera_insularis,
262,'SI_330034_cr_lt_1A_11_04_2013.TIF',SI_330034,Y,Soricomorpha,,Talpidae,Talpinae,Mogera,insularis,,Mogera_insularis,
263,'SI_330036_cr_lt_1A_11_04_2013.TIF',SI_330036,Y,Soricomorpha,,Talpidae,Talpinae,Mogera,insularis,,Mogera_insularis,
264,'SI_332828_cr_lt_1A_16_04_2013.TIF',SI_332828,Y,Soricomorpha,,Soricidae,Soricinae,Anourosorex,yamashinai,,Anourosorex_yamashinai,
265,'SI_335923_cr_lt_1A_18_04_2013.TIF',SI_335923,Y,Soricomorpha,,Soricidae,Soricinae,Cryptotis,parva,parva,Cryptotis_parva,Cryptotis_parva_parva
266,'SI_341621_cr_lt_1A_05_04_2013.TIF',SI_341621,Y,Afrosoricida,Tenrecomorpha,Tenrecidae,Tenrecinae,Tenrec,ecaudatus,,Tenrec_ecaudatus,
267,'SI_341624_cr_lt_1A_05_04_2013.TIF',SI_341624,Y,Afrosoricida,Tenrecomorpha,Tenrecidae,Tenrecinae,Tenrec,ecaudatus,,Tenrec_ecaudatus,
268,'SI_341661_cr_lt_1A_05_04_2013.TIF',SI_341661,Y,Afrosoricida,Tenrecomorpha,Tenrecidae,Tenrecinae,Hemicentetes,semispinosus,,Hemicentetes_semispinosus,
269,'SI_341688_cr_lt_1A_05_04_2013.TIF',SI_341688,Y,Afrosoricida,Tenrecomorpha,Tenrecidae,Tenrecinae,Hemicentetes,semispinosus,,Hemicentetes_semispinosus,
270,'SI_341689_cr_lt_1A_05_04_2013.TIF',SI_341689,Y,Afrosoricida,Tenrecomorpha,Tenrecidae,Tenrecinae,Hemicentetes,semispinosus,,Hemicentetes_semispinosus,
271,'SI_347688_cr_lt_1A_18_04_2013.TIF',SI_347688,Y,Soricomorpha,,Soricidae,Soricinae,Cryptotis,parva,parva,Cryptotis_parva,Cryptotis_parva_parva
272,'SI_348292_cr_lt_1A_18_04_2013.TIF',SI_348292,Y,Soricomorpha,,Soricidae,Soricinae,Cryptotis,parva,parva,Cryptotis_parva,Cryptotis_parva_parva
273,'SI_351334_cr_lt_1A_28_03_2013.TIF',SI_351334,Y,Afrosoricida,Chrysochloridea,Chrysochloridae,Amblysominae,Calcochloris,obtusirostris,,Calcochloris_obtusirostris,
274,'SI_351335_cr_lt_1A_28_03_2013.TIF',SI_351335,Y,Afrosoricida,Chrysochloridea,Chrysochloridae,Amblysominae,Calcochloris,obtusirostris,,Calcochloris_obtusirostris,
275,'SI_351336_cr_lt_1A_28_03_2013.TIF',SI_351336,Y,Afrosoricida,Chrysochloridea,Chrysochloridae,Chrysochlorinae,Chrysospalax,villosus,,Chrysospalax_villosus,
276,'SI_351955_cr_lt_1A_28_03_2013.TIF',SI_351955,Y,Afrosoricida,Chrysochloridea,Chrysochloridae,Amblysominae,Calcochloris,obtusirostris,,Calcochloris_obtusirostris,
277,'SI_358133_cr_lt_1A_16_04_2013.TIF',SI_358133,Y,Soricomorpha,,Soricidae,Soricinae,Anourosorex,yamashinai,,Anourosorex_yamashinai,
278,'SI_361482_cr_lt_1A_17_04_2013.TIF',SI_361482,Y,Afrosoricida,Tenrecomorpha,Tenrecidae,Tenrecinae,Tenrec,ecaudatus,,Tenrec_ecaudatus,
279,'SI_365001_cr_lt_1A_28_03_2013.TIF',SI_365001,Y,Afrosoricida,Chrysochloridea,Chrysochloridae,Chrysochlorinae,Carpitalpa,arendsi,,Carpitalpa_arendsi,
280,'SI_368925_cr_lt_1A_11_04_2013.TIF',SI_368925,Y,Soricomorpha,,Talpidae,Scalopinae,Condylura,cristata,cristata,Condylura_cristata,Condylura_cristata_cristata
281,'SI_369533_cr_lt_1A_05_04_2013.TIF',SI_369533,Y,Erinaceomorpha,,Erinaceidae,Erinaceinae,Erinaceus,concolor,,Erinaceus_concolor,
282,'SI_37464_cr_lt_1A_05_04_2013.TIF',SI_37464,Y,Erinaceomorpha,,Erinaceidae,Erinaceinae,Erinaceus,concolor,,Erinaceus_concolor,
283,'SI_380484_cr_lt_1A_28_03_2013.TIF',SI_380484,Y,Afrosoricida,Chrysochloridea,Chrysochloridae,Amblysominae,Amblysomus,hottentotus,,Amblysomus_hottentotus,
284,'SI_380485_cr_lt_1A_28_03_2013.TIF',SI_380485,Y,Afrosoricida,Chrysochloridea,Chrysochloridae,Amblysominae,Amblysomus,hottentotus,,Amblysomus_hottentotus,
285,'SI_380487_cr_lt_1A_28_03_2013.TIF',SI_380487,Y,Erinaceomorpha,,Erinaceidae,Erinaceinae,Atelerix,frontalis,,Atelerix_frontalis,
286,'SI_381488_cr_lt_1A_28_03_2013.TIF',SI_381488,Y,Afrosoricida,Chrysochloridea,Chrysochloridae,Amblysominae,Amblysomus,hottentotus,,Amblysomus_hottentotus,
287,'SI_395697_cr_lt_1A_01_04_2013.TIF',SI_395697,Y,Soricomorpha,,Solenodontidae,,Solenodon,paradoxus,,Solenodon_paradoxus,
288,'SI_395819_cr_lt_1A_01_04_2013.TIF',SI_395819,Y,Soricomorpha,,Solenodontidae,,Solenodon,paradoxus,,Solenodon_paradoxus,
289,'SI_449155_cr_lt_1A_16_04_2013.TIF',SI_449155,Y,Soricomorpha,,Soricidae,Soricinae,Nectogale,elegans,,Nectogale_elegans,
290,'SI_449177_cr_lt_left_1A_03_04_2013_flipped.tif',SI_449177,Y,Afrosoricida,Tenrecomorpha,Tenrecidae,Oryzorictinae,Microgale,taiva,,Microgale_taiva,
291,'SI_449179_cr_lt_1A_26_03_2013.TIF',SI_449179,Y,Afrosoricida,Tenrecomorpha,Tenrecidae,Oryzorictinae,Microgale,gracilis,,Microgale_gracilis,
292,'SI_449192_cr_lt_1A_03_04_2013.TIF',SI_449192,Y,Afrosoricida,Tenrecomorpha,Tenrecidae,Oryzorictinae,Microgale,dobsoni,,Microgale_dobsoni,
293,'SI_468211_cr_lt_1A_28_03_2013.TIF',SI_468211,Y,Erinaceomorpha,,Erinaceidae,Erinaceinae,Atelerix,frontalis,,Atelerix_frontalis,
294,'SI_468315_cr_lt_1A_03_04_2013.TIF',SI_468315,Y,Afrosoricida,Chrysochloridea,Chrysochloridae,Chrysochlorinae,Chrysochloris,asiatica,,Chrysochloris_asiatica,
295,'SI_468316_cr_lt_1A_03_04_2013.TIF',SI_468316,Y,Afrosoricida,Chrysochloridea,Chrysochloridae,Chrysochlorinae,Chrysochloris,asiatica,,Chrysochloris_asiatica,
296,'SI_468317_cr_lt_1A_03_04_2013.TIF',SI_468317,Y,Afrosoricida,Chrysochloridea,Chrysochloridae,Chrysochlorinae,Chrysochloris,asiatica,,Chrysochloris_asiatica,
297,'SI_468318_cr_lt_1A_03_04_2013.TIF',SI_468318,Y,Afrosoricida,Chrysochloridea,Chrysochloridae,Chrysochlorinae,Eremitalpa,granti,,Eremitalpa_granti,
298,'SI_468319_cr_lt_1A_28_03_2013.TIF',SI_468319,Y,Afrosoricida,Chrysochloridea,Chrysochloridae,Chrysochlorinae,Cryptochloris,wintoni,,Cryptochloris_wintoni,
299,'SI_470211_cr_lt_1A_28_03_2013.TIF',SI_470211,Y,Afrosoricida,Chrysochloridea,Chrysochloridae,Amblysominae,Calcochloris,obtusirostris,,Calcochloris_obtusirostris,
300,'SI_470563_cr_lt_1A_26_03_2013.TIF',SI_470563,Y,Erinaceomorpha,,Erinaceidae,Erinaceinae,Paraechinus,aethiopicus,deserti,Paraechinus_aethiopicus,
301,'SI_470564_cr_lt_1A_26_03_2013.TIF',SI_470564,Y,Erinaceomorpha,,Erinaceidae,Erinaceinae,Paraechinus,aethiopicus,deserti,Paraechinus_aethiopicus,
302,'SI_470565_cr_lt_1A_26_03_2013.TIF',SI_470565,Y,Erinaceomorpha,,Erinaceidae,Erinaceinae,Paraechinus,aethiopicus,deserti,Paraechinus_aethiopicus,
303,'SI_470566_cr_lt_1A_26_03_2013.TIF',SI_470566,Y,Erinaceomorpha,,Erinaceidae,Erinaceinae,Paraechinus,aethiopicus,deserti,Paraechinus_aethiopicus,
304,'SI_470568_cr_lt_1A_26_03_2013.TIF',SI_470568,Y,Erinaceomorpha,,Erinaceidae,Erinaceinae,Paraechinus,aethiopicus,deserti,Paraechinus_aethiopicus,
305,'SI_470571_cr_lt_1A_28_03_2013.TIF',SI_470571,Y,Erinaceomorpha,,Erinaceidae,Erinaceinae,Atelerix,algirus,,Atelerix_algirus,
306,'SI_470572_cr_lt_1A_28_03_2013.TIF',SI_470572,Y,Erinaceomorpha,,Erinaceidae,Erinaceinae,Atelerix,algirus,,Atelerix_algirus,
307,'SI_470573_cr_lt_1A_28_03_2013.TIF',SI_470573,Y,Erinaceomorpha,,Erinaceidae,Erinaceinae,Atelerix,algirus,,Atelerix_algirus,
308,'SI_470574_cr_lt_1A_28_03_2013.TIF',SI_470574,Y,Erinaceomorpha,,Erinaceidae,Erinaceinae,Atelerix,algirus,,Atelerix_algirus,
309,'SI_487894_cr_lt_1A_08_04_2013.TIF',SI_487894,Y,Erinaceomorpha,,Erinaceidae,Galericinae,Echinosorex,gymnura,,Echinosorex_gymnura,
310,'SI_487899_cr_lt_1A_08_04_2013.TIF',SI_487899,Y,Erinaceomorpha,,Erinaceidae,Galericinae,Echinosorex,gymnura,,Echinosorex_gymnura,
311,'SI_537651_cr_lt_1A_05_04_2013.TIF',SI_537651,Y,Afrosoricida,Tenrecomorpha,Tenrecidae,Potamogalinae,Potamogale,velox,,Potamogale_velox,
312,'SI_574295_cr_lt_1A_16_04_2013.TIF',SI_574295,Y,Soricomorpha,,Soricidae,Soricinae,Anourosorex,squamipes,,Anourosorex_squamipes,
313,'SI_574296_cr_lt_1A_16_04_2013.TIF',SI_574296,Y,Soricomorpha,,Soricidae,Soricinae,Nectogale,elegans,,Nectogale_elegans,
314,'SI_574298_cr_lt_1A_16_04_2013.TIF',SI_574298,Y,Soricomorpha,,Talpidae,Uropsilinae,Uropsilus,soricipes,,Uropsilus_soricipes,
315,'SI_574301_cr_lt_1A_16_04_2013.TIF',SI_574301,Y,Soricomorpha,,Talpidae,Uropsilinae,Uropsilus,soricipes,,Uropsilus_soricipes,
316,'SI_574302_cr_lt_1A_16_04_2013.TIF',SI_574302,Y,Soricomorpha,,Talpidae,Uropsilinae,Uropsilus,soricipes,,Uropsilus_soricipes,
317,'SI_577052_cr-lt_1A_26_03_2013.TIF',SI_577052,Y,Afrosoricida,Tenrecomorpha,Tenrecidae,Oryzorictinae,Oryzorictes,hova,,Oryzorictes_hova,
318,'SI_577055_cr_lt_1A_03_04_2013.TIF',SI_577055,Y,Afrosoricida,Tenrecomorpha,Tenrecidae,Oryzorictinae,Microgale,talazaci,,Microgale_talazaci,
319,'SI_578746_cr_lt_1A_03_04_2013.TIF',SI_578746,Y,Afrosoricida,Tenrecomorpha,Tenrecidae,Oryzorictinae,Microgale,talazaci,,Microgale_talazaci,
320,'SI_578747_cr_lt_1A_03_04_2013.TIF',SI_578747,Y,Afrosoricida,Tenrecomorpha,Tenrecidae,Oryzorictinae,Microgale,talazaci,,Microgale_talazaci,
321,'SI_578749_cr_lt_1A_03_04_2013.TIF',SI_578749,Y,Afrosoricida,Tenrecomorpha,Tenrecidae,Oryzorictinae,Microgale,dobsoni,,Microgale_dobsoni,
322,'SI_578753_cr_lt_1A_26_03_2013.TIF',SI_578753,Y,Afrosoricida,Tenrecomorpha,Tenrecidae,Oryzorictinae,Microgale,principula,,Microgale_principula,
323,'SI_578756_cr_lt_1A_26_03_2013.TIF',SI_578756,Y,Afrosoricida,Tenrecomorpha,Tenrecidae,Oryzorictinae,Microgale,principula,,Microgale_principula,
324,'SI_578759_cr_lt_1A_26_03_2013.TIF',SI_578759,Y,Afrosoricida,Tenrecomorpha,Tenrecidae,Oryzorictinae,Microgale,principula,,Microgale_principula,
325,'SI_578760_cr_lt_1A_26_03_2013.TIF',SI_578760,Y,Afrosoricida,Tenrecomorpha,Tenrecidae,Oryzorictinae,Microgale,principula,,Microgale_principula,
326,'SI_578762_cr_lt_1A_26_03_2013.TIF',SI_578762,Y,Afrosoricida,Tenrecomorpha,Tenrecidae,Oryzorictinae,Microgale,principula,,Microgale_principula,
327,'SI_578768_cr_lt_1A_03_04_2013.TIF',SI_578768,Y,Afrosoricida,Tenrecomorpha,Tenrecidae,Oryzorictinae,Microgale,talazaci,,Microgale_talazaci,
328,'SI_578769_cr_lt_1A_03_04_2013.TIF',SI_578769,Y,Afrosoricida,Tenrecomorpha,Tenrecidae,Oryzorictinae,Microgale,talazaci,,Microgale_talazaci,
329,'SI_578772_cr_lt_1A_03_04_2013.TIF',SI_578772,Y,Afrosoricida,Tenrecomorpha,Tenrecidae,Oryzorictinae,Microgale,thomasi,,Microgale_thomasi,
330,'SI_578773_cr_lt_1A_03_04_2013.TIF',SI_578773,Y,Afrosoricida,Tenrecomorpha,Tenrecidae,Oryzorictinae,Microgale,thomasi,,Microgale_thomasi,
331,'SI_578774_cr_lt_1A_03_04_2013.TIF',SI_578774,Y,Afrosoricida,Tenrecomorpha,Tenrecidae,Oryzorictinae,Microgale,thomasi,,Microgale_thomasi,
332,'SI_578775_cr_lt_1A_03_04_2013.TIF',SI_578775,Y,Afrosoricida,Tenrecomorpha,Tenrecidae,Oryzorictinae,Microgale,thomasi,,Microgale_thomasi,
333,'SI_578776_cr_lt_1A_03_04_2013.TIF',SI_578776,Y,Afrosoricida,Tenrecomorpha,Tenrecidae,Oryzorictinae,Microgale,thomasi,,Microgale_thomasi,
334,'SI_578784_cr_lt_1A_26_03_2013.TIF',SI_578784,Y,Afrosoricida,Tenrecomorpha,Tenrecidae,Oryzorictinae,Microgale,parvula,,Microgale_parvula,
335,'SI_578787_cr_lt_1A_26_03_2013.TIF',SI_578787,Y,Afrosoricida,Tenrecomorpha,Tenrecidae,Oryzorictinae,Microgale,fotsifotsy,,Microgale_fotsifotsy,
336,'SI_578789_cr-lt_1A_26_03_2013.TIF',SI_578789,Y,Afrosoricida,Tenrecomorpha,Tenrecidae,Oryzorictinae,Oryzorictes,sp.,,Oryzorictes_sp.,
337,'SI_578791_cr_lt_1A_05_04_2013.TIF',SI_578791,Y,Afrosoricida,Tenrecomorpha,Tenrecidae,Tenrecinae,Tenrec,ecaudatus,,Tenrec_ecaudatus,
338,'SI_578792_cr_lt_1A_05_04_2013.TIF',SI_578792,Y,Afrosoricida,Tenrecomorpha,Tenrecidae,Tenrecinae,Tenrec,ecaudatus,,Tenrec_ecaudatus,
339,'SI_584649_cr_lt_1A_28_03_2013.TIF',SI_584649,Y,Afrosoricida,Chrysochloridea,Chrysochloridae,Amblysominae,Calcochloris,leucorhinus,,Calcochloris_leucorhinus,
340,'SI_584656_cr_lt_1A_19_04_2013.TIF',SI_584656,Y,Soricomorpha,,Soricidae,Crocidurinae,Crocidura,crenata,,Crocidura_crenata,
341,'SI_584662_cr_lt_1A_19_04_2013.TIF',SI_584662,Y,Soricomorpha,,Soricidae,Crocidurinae,Crocidura,crenata,,Crocidura_crenata,
342,'SI_584675_cr_lt_1A_18_04_2013.TIF',SI_584675,Y,Soricomorpha,,Soricidae,Crocidurinae,Sylvisorex,johnstoni,,Sylvisorex_johnstoni,
343,'SI_584676_cr_lt_1A_18_04_2013.TIF',SI_584676,Y,Soricomorpha,,Soricidae,Crocidurinae,Sylvisorex,johnstoni,,Sylvisorex_johnstoni,
344,'SI_584677_cr_lt_1A_18_04_2013.TIF',SI_584677,Y,Soricomorpha,,Soricidae,Crocidurinae,Sylvisorex,ollula,,Sylvisorex_ollula,
345,'SI_584678_cr_lt_1A_18_04_2013.TIF',SI_584678,Y,Soricomorpha,,Soricidae,Crocidurinae,Sylvisorex,ollula,,Sylvisorex_ollula,
346,'SI_584679_cr_lt_1A_18_04_2013.TIF',SI_584679,Y,Soricomorpha,,Soricidae,Crocidurinae,Sylvisorex,ollula,,Sylvisorex_ollula,
347,'SI_584947_cr_lt_1A_19_04_2013.TIF',SI_584947,Y,Soricomorpha,,Soricidae,Crocidurinae,Crocidura,crenata,,Crocidura_crenata,
348,'SI_585137_cr_lt_1A_18_04_2013.TIF',SI_585137,Y,Soricomorpha,,Soricidae,Crocidurinae,Sylvisorex,johnstoni,,Sylvisorex_johnstoni,
349,'SI_589811_cr_lt_1A_16_04_2013.TIF',SI_589811,Y,Soricomorpha,,Soricidae,Myosoricinae,Surdisorex,norae,,Surdisorex_norae,
350,'SI_589812_cr_lt_1A_16_04_2013.TIF',SI_589812,Y,Soricomorpha,,Soricidae,Myosoricinae,Surdisorex,norae,,Surdisorex_norae,
351,'SI_63220_cr_lt_1A_28_03_2013.TIF',SI_63220,Y,Erinaceomorpha,,Erinaceidae,Erinaceinae,Atelerix,sclateri,,Atelerix_sclateri,
352,'SI_67057_cr_lt_1A_09_04_2013.TIF',SI_67057,Y,Soricomorpha,,Soricidae,Soricinae,Sorex,bendirii,bendirii,Sorex_bendirii,Sorex_bendirii_bendirii
353,'SI_67058_cr_lt_1A_09_04_2013.TIF',SI_67058,Y,Soricomorpha,,Soricidae,Soricinae,Sorex,bendirii,bendirii,Sorex_bendirii,Sorex_bendirii_bendirii
354,'SI_69153_cr_lt_1A_09_04_2013.TIF',SI_69153,Y,Soricomorpha,,Soricidae,Soricinae,Sorex,arcticus,arcticus,Sorex_arcticus,Sorex_arcticus_arcticus
355,'SI_69161_cr_lt_1A_09_04_2013.TIF',SI_69161,Y,Soricomorpha,,Soricidae,Soricinae,Sorex,arcticus,arcticus,Sorex_arcticus,Sorex_arcticus_arcticus
356,'SI_69172_cr_lt_1A_09_04_2013.TIF',SI_69172,Y,Soricomorpha,,Soricidae,Soricinae,Sorex,arcticus,arcticus,Sorex_arcticus,Sorex_arcticus_arcticus
357,'SI_86009_cr_lt_1A_09_04_2013.TIF',SI_86009,Y,Soricomorpha,,Soricidae,Soricinae,Sorex,araneus,,Sorex_araneus,
358,'SI_86012_cr_lt_1A_09_04_2013.TIF',SI_86012,Y,Soricomorpha,,Soricidae,Soricinae,Sorex,araneus,,Sorex_araneus,
359,'SI_86018_cr_lt_1A_09_04_2013.TIF',SI_86018,Y,Soricomorpha,,Soricidae,Soricinae,Sorex,araneus,,Sorex_araneus,
360,'SI_87949_cr_lt_1A_09_04_2013.TIF',SI_87949,Y,Soricomorpha,,Soricidae,Soricinae,Sorex,bendirii,bendirii,Sorex_bendirii,Sorex_bendirii_bendirii
361,'SI_A02230_cr_lt_left_1A_01_04_2013_flipped.tif',SI_A02230,Y,Soricomorpha,,Solenodontidae,,Solenodon,cubanus,,Solenodon_cubanus,
362,'SI_A37983_cr_lt_1A_01_04_2013.TIF',SI_A37983,Y,Soricomorpha,,Solenodontidae,,Solenodon,cubanus,,Solenodon_cubanus,
363,'SI_A49508_cr_lt_1A_01_04_2013.TIF',SI_A49508,Y,Soricomorpha,,Solenodontidae,,Solenodon,cubanus,,Solenodon_cubanus,
