ID,Image,SpecID,Skull,Order_05,Family_05,Genus_05,Subgenus_05,Species_05,Subspecies_05,Binomial_05,Trinomial_05
1,'AMNH_161526_ma_1A_26_04_2013.TIF',AMNH_161526,Y,Afrosoricida,Chrysochloridae,Chlorotalpa,,duthieae,,Chlorotalpa_duthieae,
2,'AMNH_161527_ma_1A_26_04_2013.TIF',AMNH_161527,Y,Afrosoricida,Chrysochloridae,Chlorotalpa,,duthieae,,Chlorotalpa_duthieae,
3,'AMNH_161559_ma_1A_26_04_2013.TIF',AMNH_161559,Y,Afrosoricida,Chrysochloridae,Eremitalpa,,granti,granti,Eremitalpa_granti,Eremitalpa_granti_granti
4,'AMNH_161571_ma_1A_26_04_2013.TIF',AMNH_161571,Y,Afrosoricida,Chrysochloridae,Eremitalpa,,granti,granti,Eremitalpa_granti,Eremitalpa_granti_granti
5,'AMNH_167961_ma_1A_26_04_2013.TIF',AMNH_167961,Y,Afrosoricida,Chrysochloridae,Chrysochloris,,asiatica,,Chrysochloris_asiatica,
6,'AMNH_180911_ma_1A_26_04_2013.TIF',AMNH_180911,Y,Afrosoricida,Chrysochloridae,Chrysochloris,Kilimatalpa,stuhlmanni,,Chrysochloris_stuhlmanni,
7,'AMNH_180912_ma_1A_26_04_2013.TIF',AMNH_180912,Y,Afrosoricida,Chrysochloridae,Chrysochloris,Kilimatalpa,stuhlmanni,,Chrysochloris_stuhlmanni,
8,'AMNH_212938_ma_1A_25_04_2013.TIF',AMNH_212938,Y,Afrosoricida,Tenrecidae,Hemicentetes,,semispinosus,,Hemicentetes_semispinosus,
9,'AMNH_274982_ma_1A_22_04_2013.TIF',AMNH_274982,Y,Afrosoricida,Tenrecidae,Microgale,,jobihely,,Microgale_jobihely,
10,'AMNH_274986_ma_1A_22_04_2013.TIF',AMNH_274986,Y,Afrosoricida,Tenrecidae,Microgale,,jobihely,,Microgale_jobihely,
11,'AMNH_274987_ma_1A_22_04_2013.TIF',AMNH_274987,Y,Afrosoricida,Tenrecidae,Microgale,,jobihely,,Microgale_jobihely,
12,'AMNH_274988_ma_1A_22_04_2013.TIF',AMNH_274988,Y,Afrosoricida,Tenrecidae,Microgale,,jobihely,,Microgale_jobihely,
13,'AMNH_274989_ma_left_flipped_1A_22_04_2013.TIF',AMNH_274989,Y,Afrosoricida,Tenrecidae,Microgale,,jobihely,,Microgale_jobihely,
14,'AMNH_275041_ma_1A_23_04_2013.TIF',AMNH_275041,Y,Afrosoricida,Tenrecidae,Microgale,,soricoides,,Microgale_soricoides,
15,'AMNH_275088_ma_1A_24_04_2013.TIF',AMNH_275088,Y,Afrosoricida,Tenrecidae,Microgale,,drouhardi,,Microgale_drouhardi,
16,'AMNH_275089_ma_1A_24_04_2013.TIF',AMNH_275089,Y,Afrosoricida,Tenrecidae,Microgale,,drouhardi,,Microgale_drouhardi,
17,'AMNH_275090_ma_1A_24_04_2013.TIF',AMNH_275090,Y,Afrosoricida,Tenrecidae,Microgale,,drouhardi,,Microgale_drouhardi,
18,'AMNH_275092_ma_1A_24_04_2013.TIF',AMNH_275092,Y,Afrosoricida,Tenrecidae,Microgale,,drouhardi,,Microgale_drouhardi,
19,'AMNH_275095_ma_1A_24_04_2013.TIF',AMNH_275095,Y,Afrosoricida,Tenrecidae,Microgale,,drouhardi,,Microgale_drouhardi,
20,'AMNH_275133_ma_1A_24_04_2013.TIF',AMNH_275133,Y,Afrosoricida,Tenrecidae,Microgale,,fotsifotsy,,Microgale_fotsifotsy,
21,'AMNH_275134_ma_1A_22_04_2013.TIF',AMNH_275134,Y,Afrosoricida,Tenrecidae,Microgale,,gymnorhyncha,,Microgale_gymnorhyncha,
22,'AMNH_275135_ma_1A_22_04_2013.TIF',AMNH_275135,Y,Afrosoricida,Tenrecidae,Microgale,,gymnorhyncha,,Microgale_gymnorhyncha,
23,'AMNH_275136_ma_1A_22_04_2013.TIF',AMNH_275136,Y,Afrosoricida,Tenrecidae,Microgale,,gymnorhyncha,,Microgale_gymnorhyncha,
24,'AMNH_275137_ma_left__flipped_1A_22_04_2013.TIF',AMNH_275137,Y,Afrosoricida,Tenrecidae,Microgale,,gymnorhyncha,,Microgale_gymnorhyncha,
25,'AMNH_275138_ma_1A_22_04_2013.TIF',AMNH_275138,Y,Afrosoricida,Tenrecidae,Microgale,,gymnorhyncha,,Microgale_gymnorhyncha,
26,'AMNH_275141_ma_1A_22_04_2013.TIF',AMNH_275141,Y,Afrosoricida,Tenrecidae,Microgale,,longicaudata,,Microgale_longicaudata,
27,'AMNH_275142_ma_left__flipped_1A_22_04_2013.TIF',AMNH_275142,Y,Afrosoricida,Tenrecidae,Microgale,,longicaudata,,Microgale_longicaudata,
28,'AMNH_275143_ma_1A_23_04_2013.TIF',AMNH_275143,Y,Afrosoricida,Tenrecidae,Microgale,,longicaudata,,Microgale_longicaudata,
29,'AMNH_275148_ma_1A_23_04_2013.TIF',AMNH_275148,Y,Afrosoricida,Tenrecidae,Microgale,,longicaudata,,Microgale_longicaudata,
30,'AMNH_275149_ma_1A_23_04_2013.TIF',AMNH_275149,Y,Afrosoricida,Tenrecidae,Microgale,,longicaudata,,Microgale_longicaudata,
31,'AMNH_275157_ma_left_flipped_1A_23_04_2013.TIF',AMNH_275157,Y,Afrosoricida,Tenrecidae,Microgale,,parvula,,Microgale_parvula,
32,'AMNH_275158_ma_1A_23_04_2013.TIF',AMNH_275158,Y,Afrosoricida,Tenrecidae,Microgale,,soricoides,,Microgale_soricoides,
33,'AMNH_275160_ma_1A_23_04_2013.TIF',AMNH_275160,Y,Afrosoricida,Tenrecidae,Microgale,,soricoides,,Microgale_soricoides,
34,'AMNH_275162_ma_1A_23_04_2013.TIF',AMNH_275162,Y,Afrosoricida,Tenrecidae,Microgale,,soricoides,,Microgale_soricoides,
35,'AMNH_275163_ma_1A_23_04_2013.TIF',AMNH_275163,Y,Afrosoricida,Tenrecidae,Microgale,,soricoides,,Microgale_soricoides,
36,'AMNH_275189_ma_1A_24_04_2013.TIF',AMNH_275189,Y,Afrosoricida,Tenrecidae,Oryzorictes,,hova,,Oryzorictes_hova,
37,'AMNH_275190_ma_1A_25_04_2013.TIF',AMNH_275190,Y,Afrosoricida,Tenrecidae,Oryzorictes,,hova,,Oryzorictes_hova,
38,'AMNH_275191_ma_1A_25_04_2013.TIF',AMNH_275191,Y,Afrosoricida,Tenrecidae,Oryzorictes,,hova,,Oryzorictes_hova,
39,'AMNH_275250_ma_1A_24_04_2013.TIF',AMNH_275250,Y,Afrosoricida,Tenrecidae,Microgale,,brevicaudata,,Microgale_brevicaudata,
40,'AMNH_275251_ma_1A_24_04_2013.TIF',AMNH_275251,Y,Afrosoricida,Tenrecidae,Microgale,,brevicaudata,,Microgale_brevicaudata,
41,'AMNH_275253_ma_1A_24_04_2013.TIF',AMNH_275253,Y,Afrosoricida,Tenrecidae,Microgale,,brevicaudata,,Microgale_brevicaudata,
42,'AMNH_275254_ma_1A_24_04_2013.TIF',AMNH_275254,Y,Afrosoricida,Tenrecidae,Microgale,,brevicaudata,,Microgale_brevicaudata,
43,'AMNH_275255_ma_1A_24_04_2013.TIF',AMNH_275255,Y,Afrosoricida,Tenrecidae,Microgale,,brevicaudata,,Microgale_brevicaudata,
44,'AMNH_275281_ma_1A_24_04_2013.TIF',AMNH_275281,Y,Afrosoricida,Tenrecidae,Microgale,,fotsifotsy,,Microgale_fotsifotsy,
45,'AMNH_275282_ma_1A_24_04_2013.TIF',AMNH_275282,Y,Afrosoricida,Tenrecidae,Microgale,,fotsifotsy,,Microgale_fotsifotsy,
46,'AMNH_275283_ma_1A_23_04_2013.TIF',AMNH_275283,Y,Afrosoricida,Tenrecidae,Microgale,,fotsifotsy,,Microgale_fotsifotsy,
47,'AMNH_275298_ma_1A_23_04_2013.TIF',AMNH_275298,Y,Afrosoricida,Tenrecidae,Microgale,,taiva,,Microgale_taiva,
48,'AMNH_275299_ma_1A_23_04_2013.TIF',AMNH_275299,Y,Afrosoricida,Tenrecidae,Microgale,,taiva,,Microgale_taiva,
49,'AMNH_275300_ma_left_flipped_1A_23_04_2013.TIF',AMNH_275300,Y,Afrosoricida,Tenrecidae,Microgale,,taiva,,Microgale_taiva,
50,'AMNH_275301_ma_1A_23_04_2013.TIF',AMNH_275301,Y,Afrosoricida,Tenrecidae,Microgale,,taiva,,Microgale_taiva,
51,'AMNH_275360_ma_1A_25_04_2013.TIF',AMNH_275360,Y,Afrosoricida,Tenrecidae,Oryzorictes,,hova,,Oryzorictes_hova,
52,'AMNH_275364_ma_left_flipped_1A_23_04_2013.TIF',AMNH_275364,Y,Afrosoricida,Tenrecidae,Microgale,,parvula,,Microgale_parvula,
53,'AMNH_275365_ma_1A_23_04_2013.TIF',AMNH_275365,Y,Afrosoricida,Tenrecidae,Microgale,,parvula,,Microgale_parvula,
54,'AMNH_275368_ma_left_flipped_1A_23_04_2013.TIF',AMNH_275368,Y,Afrosoricida,Tenrecidae,Microgale,,parvula,,Microgale_parvula,
55,'AMNH_31243_ma_1A_24_04_2013.TIF',AMNH_31243,Y,Afrosoricida,Tenrecidae,Oryzorictes,,tetradactylus,,Oryzorictes_tetradactylus,
56,'AMNH_31257_ma_1A_24_04_2013.TIF',AMNH_31257,Y,Afrosoricida,Tenrecidae,Oryzorictes,,tetradactylus,,Oryzorictes_tetradactylus,
57,'AMNH_31270_ma_1A_25_04_2013.TIF',AMNH_31270,Y,Afrosoricida,Tenrecidae,Echinops,,telfairi,,Echinops_telfairi,
58,'AMNH_34647_ma_1A_25_04_2013.TIF',AMNH_34647,Y,Afrosoricida,Chrysochloridae,Chrysospalax,,trevelyani,,Chrysospalax_trevelyani,
59,'AMNH_51324_ma_1A_25_04_2013.TIF',AMNH_51324,Y,Afrosoricida,Tenrecidae,Potamogale,,velox,,Potamogale_velox,
60,'AMNH_51327_ma_1A_25_04_2013.TIF',AMNH_51327,Y,Afrosoricida,Tenrecidae,Potamogale,,velox,,Potamogale_velox,
61,'AMNH_54365_ma_1A_25_04_2013.TIF',AMNH_54365,Y,Afrosoricida,Chrysochloridae,Chrysospalax,,trevelyani,,Chrysospalax_trevelyani,
62,'AMNH_82399_ma_1A_26_04_2013.TIF',AMNH_82399,Y,Afrosoricida,Chrysochloridae,Chrysochloris,Kilimatalpa,stuhlmanni,,Chrysochloris_stuhlmanni,
63,'AMNH_89040_ma_1A_25_04_2013.TIF',AMNH_89040,Y,Afrosoricida,Chrysochloridae,Chrysospalax,,trevelyani,,Chrysospalax_trevelyani,
64,'AMNH_89046_ma_1A_26_04_2013.TIF',AMNH_89046,Y,Afrosoricida,Chrysochloridae,Cryptochloris,,wintoni,,Cryptochloris_wintoni,
65,'MCZ_18133_ma_1A_02_05_2013.TIF',MCZ_18133,Y,Soricomorpha,Talpidae,Scapanus,,townsendii,,Scapanus_townsendii,
66,'MCZ_18134_ma_1A_02_05_2013.TIF',MCZ_18134,Y,Soricomorpha,Talpidae,Scapanus,,townsendii,,Scapanus_townsendii,
67,'MCZ_18136_ma_1A_02_05_2013.TIF',MCZ_18136,Y,Soricomorpha,Talpidae,Scapanus,,townsendii,,Scapanus_townsendii,
68,'MCZ_18_ma_1A_29_04_2013.TIF',MCZ_18,Y,Soricomorpha,Soricidae,Neomys,,fodiens,,Neomys_fodiens,
69,'MCZ_22204_ma_1A_30_04_2013.TIF',MCZ_22204,Y,Erinaceomorpha,Erinaceidae,Erinaceus,,europaeus,,Erinaceus_europaeus,
70,'MCZ_22206_ma_1A_30_04_2013.TIF',MCZ_22206,Y,Erinaceomorpha,Erinaceidae,Erinaceus,,europaeus,,Erinaceus_europaeus,
71,'MCZ_22207_ma_1A_30_04_2013.TIF',MCZ_22207,Y,Erinaceomorpha,Erinaceidae,Erinaceus,,europaeus,,Erinaceus_europaeus,
72,'MCZ_22986_ma_1A_02_05_2013.TIF',MCZ_22986,Y,Erinaceomorpha,Erinaceidae,Atelerix,,albiventris,,Atelerix_albiventris,
73,'MCZ_23373_ma_1A_29_04_2013.TIF',MCZ_23373,Y,Afrosoricida,Chrysochloridae,Chrysochloris,Kilimatalpa,stuhlmanni,,Chrysochloris_stuhlmanni,
74,'MCZ_26425_ma_1A_02_05_2013.TIF',MCZ_26425,Y,Erinaceomorpha,Erinaceidae,Atelerix,,albiventris,,Atelerix_albiventris,
75,'MCZ_28159_ma_1A_02_05_2013.TIF',MCZ_28159,Y,Notoryctemorphia,Notoryctidae,Notoryctes,,typhlops,,Notoryctes_typhlops,
76,'MCZ_29561_ma_1A_02_05_2013.TIF',MCZ_29561,Y,Soricomorpha,Talpidae,Desmana,,moschata,,Desmana_moschata,
77,'MCZ_32771_ma_1A_02_05_2013.TIF',MCZ_32771,Y,Soricomorpha,Talpidae,Desmana,,moschata,,Desmana_moschata,
78,'MCZ_32782_ma_1A_29_04_2013.TIF',MCZ_32782,Y,Soricomorpha,Soricidae,Neomys,,fodiens,,Neomys_fodiens,
79,'MCZ_3286_ma_1A_29_04_2013.TIF',MCZ_3286,Y,Soricomorpha,Soricidae,Neomys,,fodiens,,Neomys_fodiens,
80,'MCZ_34894_ma_1A_01_05_2013.TIF',MCZ_34894,Y,Soricomorpha,Soricidae,Neomys,,anomalus,,Neomys_anomalus,
81,'MCZ_34895_ma_1A_01_05_2013.TIF',MCZ_34895,Y,Soricomorpha,Soricidae,Neomys,,anomalus,,Neomys_anomalus,
82,'MCZ_34970_ma_left_flipped_1A_29_04_2013.TIF',MCZ_34970,Y,Soricomorpha,Soricidae,Chimarrogale,,himalayica,,Chimarrogale_himalayica,
83,'MCZ_35359_ma_1A_02_05_2013.TIF',MCZ_35359,Y,Soricomorpha,Talpidae,Galemys,,pyrenaicus,,Galemys_pyrenaicus,
84,'MCZ_38252_ma_1A_29_04_2013.TIF',MCZ_38252,Y,Erinaceomorpha,Erinaceidae,Neotetracus,,sinensis,,Neotetracus_sinensis,
85,'MCZ_38261_ma_1A_29_04_2013.TIF',MCZ_38261,Y,Erinaceomorpha,Erinaceidae,Neotetracus,,sinensis,,Neotetracus_sinensis,
86,'MCZ_38262_ma_1A_29_04_2013.TIF',MCZ_38262,Y,Erinaceomorpha,Erinaceidae,Neotetracus,,sinensis,,Neotetracus_sinensis,
87,'MCZ_43745_ma_1A_01_05_2013.TIF',MCZ_43745,Y,Soricomorpha,Soricidae,Crocidura,,fumosa,,Crocidura_fumosa,
88,'MCZ_43746_ma_1A_01_05_2013.TIF',MCZ_43746,Y,Soricomorpha,Soricidae,Crocidura,,fumosa,,Crocidura_fumosa,
89,'MCZ_43750_ma_1A_01_05_2013.TIF',MCZ_43750,Y,Soricomorpha,Soricidae,Crocidura,,fumosa,,Crocidura_fumosa,
90,'MCZ_45021_ma_flipped_1A_29_04_2013.TIF',MCZ_45021,Y,Afrosoricida,Tenrecidae,Oryzorictes,,tetradactylus,,Oryzorictes_tetradactylus,
91,'MCZ_45022_ma_1A_29_04_2013.TIF',MCZ_45022,Y,Afrosoricida,Tenrecidae,Oryzorictes,,tetradactylus,,Oryzorictes_tetradactylus,
92,'MCZ_45033_ma_1A_02_05_2013.TIF',MCZ_45033,Y,Afrosoricida,Tenrecidae,Microgale,,pusilla,,Microgale_pusilla,
93,'MCZ_45050_ma_1A_29_04_2013.TIF',MCZ_45050,Y,Afrosoricida,Tenrecidae,Limnogale,,mergulus,,Limnogale_mergulus,
94,'MCZ_45450_ma_1A_29_04_2013.TIF',MCZ_45450,Y,Afrosoricida,Tenrecidae,Geogale,,aurita,,Geogale_aurita,
95,'MCZ_46274_ma_1A_29_04_2013.TIF',MCZ_46274,Y,Afrosoricida,Tenrecidae,Geogale,,aurita,,Geogale_aurita,
96,'MCZ_4836_ma_1A_01_05_2013.TIF',MCZ_4836,Y,Soricomorpha,Talpidae,Scapanus,,latimanus,,Scapanus_latimanus,
97,'MCZ_5187_ma_1A_29_04_2013.TIF',MCZ_5187,Y,Erinaceomorpha,Erinaceidae,Hemiechinus,,collaris,,Hemiechinus_collaris,
98,'MCZ_56806_ma_1A_02_05_2013.TIF',MCZ_56806,Y,Erinaceomorpha,Erinaceidae,Atelerix,,albiventris,,Atelerix_albiventris,
99,'MCZ_64784_cr_ma_1A_29_04_2013.TIF',MCZ_64784,Y,Soricomorpha,Soricidae,Sorex,Otisorex,palustris,albibarbis,Sorex_palustris,Sorex_palustris_albibarbis
100,'MCZ_64793_ma_1A_29_04_2013.TIF',MCZ_64793,Y,Soricomorpha,Soricidae,Sorex,Otisorex,palustris,albibarbis,Sorex_palustris,Sorex_palustris_albibarbis
101,'MCZ_67217_ma_1A_29_04_2013.TIF',MCZ_67217,Y,Soricomorpha,Soricidae,Sorex,Otisorex,palustris,albibarbis,Sorex_palustris,Sorex_palustris_albibarbis
102,'MCZ_79_ma_1A_01_05_2013.TIF',MCZ_79,Y,Soricomorpha,Talpidae,Scapanus,,latimanus,,Scapanus_latimanus,
103,'MCZ_9149_ma_1A_01_05_2013.TIF',MCZ_9149,Y,Soricomorpha,Talpidae,Scapanus,,latimanus,,Scapanus_latimanus,
104,'NHML_1870.3.10.15_1527.a_ma_lt_1A_02_13.TIF',NHML_1870.3.10.15_1527.a,Y,Afrosoricida,Tenrecidae,Setifer,,setosus,,Setifer_setosus,
105,'NHML_1919.7.7.2313_ma_lt_1A_01_13.TIF',NHML_1919.7.7.2313,Y,Soricomorpha,Talpidae,Desmana,,moschata,,Desmana_moschata,
106,'NHML_1934.6.16.2_ma_lt_1A_02_13.TIF',NHML_1934.6.16.2,Y,Afrosoricida,Tenrecidae,Potamogale,,velox,,Potamogale_velox,
107,'NHML_1958.3.11.7_ma_lt_1A_01_13.TIF',NHML_1958.3.11.7,Y,Soricomorpha,Talpidae,Scalopus,,aquaticus,,Scalopus_aquaticus,
108,'NHML_1960.10.11.12_ma_lt_1A_01_13.TIF',NHML_1960.10.11.12,Y,Soricomorpha,Talpidae,Galemys,,pyrenaicus,,Galemys_pyrenaicus,
109,'NHML_1960.5.2.1_ma_lt_1A_02_13.TIF',NHML_1960.5.2.1,Y,Erinaceomorpha,Erinaceidae,Echinosorex,,gymnura,,Echinosorex_gymnura,
110,'NHML_1960.8.4.7_ma_lt_1A_01_13.TIF',NHML_1960.8.4.7,Y,Erinaceomorpha,Erinaceidae,Hylomys,,suillus,,Hylomys_suillus,
111,'NHML_1961.6.2.3_ma_lt_1A_01_13.TIF',NHML_1961.6.2.3,Y,Afrosoricida,Chrysochloridae,Chrysospalax,,trevelyani,,Chrysospalax_trevelyani,
112,'NHML_1966.7.6.2_ma_lt_1A_01_13.TIF',NHML_1966.7.6.2,Y,Soricomorpha,Talpidae,Urotrichus,,talpoides,,Urotrichus_talpoides,
113,'NHML_3.1.1.1_ma_lt_1A_01_13.TIF',NHML_3.1.1.1,Y,Afrosoricida,Tenrecidae,Geogale,,aurita,,Geogale_aurita,
114,'NHML_3.6.2.10_ma_lt_1A_01_13.TIF',NHML_3.6.2.10,Y,Afrosoricida,Chrysochloridae,Amblysomus,,hottentotus,,Amblysomus_hottentotus,
115,'NHML_3509_ma_lt_1A_02_13.TIF',NHML_3509,Y,Afrosoricida,Tenrecidae,Tenrec,,ecaudatus,,Tenrec_ecaudatus,
116,'NHML_67.213_ma_lt_1A_02_13.TIF',NHML_67.213,Y,Afrosoricida,Tenrecidae,Micropotamogale,,ruwenzorii,,Micropotamogale_ruwenzorii,
117,'NHML_73.170_ma_lt_1A_02_13.TIF',NHML_73.170,Y,Afrosoricida,Tenrecidae,Micropotamogale,,lamottei,,Micropotamogale_lamottei,
118,'NHML_74.668_ma_lt_1A_01_13.TIF',NHML_74.668,Y,Afrosoricida,Chrysochloridae,Chrysochloris,,sp.,,Chrysochloris_sp.,
119,'NHML_75.2223_ma_lt_1A_01_13.TIF',NHML_75.2223,Y,Afrosoricida,Tenrecidae,Microgale,,cowani,,Microgale_cowani,
120,'NHML_82.3.1.11_ma_lt_1A_01_13.TIF',NHML_82.3.1.11,Y,Afrosoricida,Tenrecidae,Hemicentetes,,nigriceps,,Hemicentetes_nigriceps,
121,'NHML_98.2.2.8_ma_lt_1A_01_13.TIF',NHML_98.2.2.8,Y,Soricomorpha,Talpidae,Talpa,,occidentalis,,Talpa_occidentalis,
122,'SI_081981_ma_1A_11_04_2013.TIF',SI_081981,Y,Soricomorpha,Talpidae,Neurotrichus,,gibbsii,gibbsii,Neurotrichus_gibbsii,Neurotrichus_gibbsii_gibbsii
123,'SI_081984_ma_1A_11_04_2013.TIF',SI_081984,Y,Soricomorpha,Talpidae,Neurotrichus,,gibbsii,gibbsii,Neurotrichus_gibbsii,Neurotrichus_gibbsii_gibbsii
124,'SI_081985_ma_1A_11_04_2013.TIF',SI_081985,Y,Soricomorpha,Talpidae,Neurotrichus,,gibbsii,gibbsii,Neurotrichus_gibbsii,Neurotrichus_gibbsii_gibbsii
125,'SI_083658_ma_1A_29_03_2013.TIF',SI_083658,Y,Afrosoricida,Tenrecidae,Hemicentetes,,semispinosus,,Hemicentetes_semispinosus,
126,'SI_111038_ma_1A_19_04_2013.TIF',SI_111038,Y,Soricomorpha,Soricidae,Blarina,,brevicauda,,Blarina_brevicauda,
127,'SI_112924_ma_1A_09_04_2013.TIF',SI_112924,Y,Soricomorpha,Soricidae,Sorex,,alpinus,,Sorex_alpinus,
128,'SI_112929_ma_1A_09_04_2013.TIF',SI_112929,Y,Soricomorpha,Soricidae,Sorex,,alpinus,,Sorex_alpinus,
129,'SI_112932_ma_left_flipped_1A_09_04_2013.TIF',SI_112932,Y,Soricomorpha,Soricidae,Sorex,,alpinus,,Sorex_alpinus,
130,'SI_114127_ma_1A_18_04_2013.TIF',SI_114127,Y,Soricomorpha,Talpidae,Urotrichus,,talpoides,,Urotrichus_talpoides,
131,'SI_115274_ma_1A_16_04_2013.TIF',SI_115274,Y,Soricomorpha,Talpidae,Talpa,,caeca,caeca,Talpa_caeca,Talpa_caeca_caeca
132,'SI_121210_ma_1A_16_04_2013.TIF',SI_121210,Y,Soricomorpha,Talpidae,Talpa,,caeca,caeca,Talpa_caeca,Talpa_caeca_caeca
133,'SI_121215_ma_1A_16_04_2013.TIF',SI_121215,Y,Soricomorpha,Talpidae,Talpa,,caeca,caeca,Talpa_caeca,Talpca_caeca_caeca
134,'SI_131009_ma_1A_09_04_2013.TIF',SI_131009,Y,Soricomorpha,Soricidae,Sorex,Otisorex,cinereus,cinereus,Sorex_cinereus,Sorex_cinereus_cinereus
135,'SI_131010_ma_left_flipped_1A_09_04_2013.TIF',SI_131010,Y,Soricomorpha,Soricidae,Sorex,Otisorex,cinereus,cinereus,Sorex_cinereus,Sorex_cinereus_cinereus
136,'SI_131016_ma_1A_09_04_2013.TIF',SI_131016,Y,Soricomorpha,Soricidae,Sorex,Otisorex,cinereus,cinereus,Sorex_cinereus,Sorex_cinereus_cinereus
137,'SI_135614_ma_1A_19_04_2013.TIF',SI_135614,Y,Soricomorpha,Soricidae,Blarina,,brevicauda,talpoides,Blarina_brevicauda,Blarina_brevicauda_talpoides
138,'SI_135621_ma_1A_19_04_2013.TIF',SI_135621,Y,Soricomorpha,Soricidae,Blarina,,brevicauda,talpoides,Blarina_brevicauda,Blarina_brevicauda_talpoides
139,'SI_152328_ma_1A_18_04_2013.TIF',SI_152328,Y,Soricomorpha,Talpidae,Talpa,,europaea,europaea,Talpa_europaea,Talpa_europaea_europaea
140,'SI_152330_ma_1A_18_04_2013.TIF',SI_152330,Y,Soricomorpha,Talpidae,Talpa,,europaea,europaea,Talpa_europaea,Talpa_europaea_europaea
141,'SI_152369_ma_1A_18_04_2013.TIF',SI_152369,Y,Soricomorpha,Talpidae,Talpa,,europaea,europaea,Talpa_europaea,Talpa_europaea_europaea
142,'SI_152522_ma_1A_09_04_2013.TIF',SI_152522,Y,Soricomorpha,Talpidae,Galemys,,pyrenaicus,,Galemys_pyrenaicus,
143,'SI_154988_ma_1A_03_04_2013.TIF',SI_154988,Y,Afrosoricida,Tenrecidae,Microgale,,dobsoni,,Microgale_dobsoni,
144,'SI_154989_ma_1A_26_03_2013.TIF',SI_154989,Y,Afrosoricida,Tenrecidae,Oryzorictes,,tetradactylus,,Oryzorictes_tetradactylus,
145,'SI_168479_ma_1A_11_04_2013.TIF',SI_168479,Y,Soricomorpha,Talpidae,Scalopus,,aquaticus,aereus,Scalopus_aquaticus,Scalopus_aquaticus_aereus
146,'SI_169228_ma_1A_11_04_2013.TIF',SI_169228,Y,Soricomorpha,Talpidae,Scalopus,,aquaticus,aereus,Scalopus_aquaticus,Scalopus_aquaticus_aereus
147,'SI_170587_ma_1A_11_04_2013.TIF',SI_170587,Y,Soricomorpha,Talpidae,Scalopus,,aquaticus,aereus,Scalopus_aquaticus,Scalopus_aquaticus_aereus
148,'SI_182583_ma_1A_16_04_2013.TIF',SI_182583,Y,Soricomorpha,Soricidae,Surdisorex,,norae,,Surdisorex_norae,
149,'SI_186672_ma_1A_09_04_2013.TIF',SI_186672,Y,Soricomorpha,Talpidae,Galemys,,pyrenaicus,pyrenaicus,Galemys_pyrenaicus,Galemys_pyrenaicus_pyrenaicus
150,'SI_221420_ma_1A_28_03_2013.TIF',SI_221420,Y,Afrosoricida,Chrysochloridae,Chlorotalpa,,duthieae,,Chlorotalpa_duthieae,
151,'SI_254812_ma_1A_16_04_2013.TIF',SI_254812,Y,Soricomorpha,Soricidae,Nectogale,,elegans,,Nectogale_elegans,
152,'SI_259351_ma_1A_16_04_2013.TIF',SI_259351,Y,Soricomorpha,Soricidae,Anourosorex,,squamipes,,Anourosorex_squamipes,
153,'SI_259356_ma_1A_16_04_2013.TIF',SI_259356,Y,Soricomorpha,Soricidae,Anourosorex,,squamipes,,Anourosorex_squamipes,
154,'SI_260640_ma_1A_28_03_2013.TIF',SI_260640,Y,Erinaceomorpha,Erinaceidae,Hylomys,,suillus,,Hylomys_suillus,
155,'SI_261041_ma_1A_16_04_2013.TIF',SI_261041,Y,Soricomorpha,Soricidae,Anourosorex,,yamashinai,,Anourosorex_yamashinai,
156,'SI_261090_ma_left_flipped_1A_11_04_2013.TIF',SI_261090,Y,Soricomorpha,Talpidae,Euroscaptor,,klossi,,Euroscaptor_klossi,
157,'SI_266897_ma_1A_05_04_2013.TIF',SI_266897,Y,Afrosoricida,Tenrecidae,Potamogale,,velox,,Potamogale_velox,
158,'SI_267653_ma_1A_28_03_2013.TIF',SI_267653,Y,Erinaceomorpha,Erinaceidae,Atelerix,,frontalis,,Atelerix_frontalis,
159,'SI_270539_ma_1A_08_04_2013.TIF',SI_270539,Y,Erinaceomorpha,Erinaceidae,Mesechinus,,dauuricus,,Mesechinus_dauuricus,
160,'SI_270540_ma_1A_08_04_2013.TIF',SI_270540,Y,Erinaceomorpha,Erinaceidae,Mesechinus,,dauuricus,,Mesechinus_dauuricus,
161,'SI_270541_ma_left_flipped_1A_05_04_2013.TIF',SI_270541,Y,Erinaceomorpha,Erinaceidae,Erinaceus,,amurensis,,Erinaceus_amurensis,
162,'SI_270542_ma_1A_05_04_2013.TIF',SI_270542,Y,Erinaceomorpha,Erinaceidae,Erinaceus,,amurensis,,Erinaceus_amurensis,
163,'SI_290520_ma_1A_01_04_2013.TIF',SI_290520,Y,Soricomorpha,Solenodontidae,Solenodon,,paradoxus,,Solenodon_paradoxus,
164,'SI_291735_ma_1A_18_04_2013.TIF',SI_291735,Y,Soricomorpha,Talpidae,Urotrichus,,talpoides,,Urotrichus_talpoides,
165,'SI_294497_ma_1A_01_04_2013.TIF',SI_294497,Y,Afrosoricida,Tenrecidae,Setifer,,setosus,,Setifer_setosus,
166,'SI_294504_ma_1A_29_03_2013.TIF',SI_294504,Y,Afrosoricida,Tenrecidae,Hemicentetes,,semispinosus,,Hemicentetes_semispinosus,
167,'SI_294507_ma_1A_29_03_2013.TIF',SI_294507,Y,Afrosoricida,Tenrecidae,Hemicentetes,,nigriceps,,Hemicentetes_nigriceps,
168,'SI_294508_ma_left_flipped_1A_29_03_2013.TIF',SI_294508,Y,Afrosoricida,Tenrecidae,Hemicentetes,,nigriceps,,Hemicentetes_nigriceps,
169,'SI_294510_ma_1A_29_03_2013.TIF',SI_294510,Y,Afrosoricida,Tenrecidae,Hemicentetes,,nigriceps,,Hemicentetes_nigriceps,
170,'SI_294511_ma_1A_29_03_2013.TIF',SI_294511,Y,Afrosoricida,Tenrecidae,Hemicentetes,,nigriceps,,Hemicentetes_nigriceps,
171,'SI_294520_ma_1A_03_04_2013.TIF',SI_294520,Y,Afrosoricida,Tenrecidae,Microgale,,dobsoni,,Microgale_dobsoni,
172,'SI_299278_ma_1A_18_04_2013.TIF',SI_299278,Y,Soricomorpha,Talpidae,Urotrichus,,talpoides,hondoensis,Urotrichus_talpoides,Urotrichus_talpoides_hondoensis
173,'SI_300009_ma_1A_28_03_2013.TIF',SI_300009,Y,Erinaceomorpha,Erinaceidae,Hylomys,,suillus,,Hylomys_suillus,
174,'SI_300634_ma_1A_01_04_2013.TIF',SI_300634,Y,Soricomorpha,Solenodontidae,Solenodon,,cubanus,,Solenodon_cubanus,
175,'SI_307652_ma_1A_28_03_2013.TIF',SI_307652,Y,Erinaceomorpha,Erinaceidae,Hylomys,,suillus,,Hylomys_suillus,
176,'SI_320499_ma_1A_28_03_2013.TIF',SI_320499,Y,Erinaceomorpha,Erinaceidae,Hylomys,,suillus,,Hylomys_suillus,
177,'SI_320531_ma_1A_11_04_2013.TIF',SI_320531,Y,Soricomorpha,Talpidae,Euroscaptor,,klossi,,Euroscaptor_klossi,
178,'SI_320532_ma_1A_11_04_2013.TIF',SI_320532,Y,Soricomorpha,Talpidae,Euroscaptor,,klossi,,Euroscaptor_klossi,
179,'SI_326693_ma_1A_19_04_2013.TIF',SI_326693,Y,Erinaceomorpha,Erinaceidae,Hemiechinus,,auritus,,Hemiechinus_auritus,
180,'SI_327190_ma_1A_05_04_2013.TIF',SI_327190,Y,Erinaceomorpha,Erinaceidae,Erinaceus,,concolor,,Erinaceus_concolor,
181,'SI_327893_ma_1A_11_04_2013.TIF',SI_327893,Y,Erinaceomorpha,Talpidae,Condylura,,cristata,,Condylura_cristata,
182,'SI_327911_ma_1A_19_04_2013.TIF',SI_327911,Y,Erinaceomorpha,Erinaceidae,Hemiechinus,,auritus,,Hemiechinus_auritus,
183,'SI_327912_ma_1A_19_04_2013.TIF',SI_327912,Y,Erinaceomorpha,Erinaceidae,Hemiechinus,,auritus,,Hemiechinus_auritus,
184,'SI_328604_ma_1A_01_04_2013.TIF',SI_328604,Y,Afrosoricida,Tenrecidae,Setifer,,setosus,,Setifer_setosus,
185,'SI_328605_ma_1A_01_04_2013.TIF',SI_328605,Y,Afrosoricida,Tenrecidae,Setifer,,setosus,,Setifer_setosus,
186,'SI_328614_ma_1A_01_04_2013.TIF',SI_328614,Y,Afrosoricida,Tenrecidae,Setifer,,setosus,,Setifer_setosus,
187,'SI_328616_ma_1A_01_04_2013.TIF',SI_328616,Y,Afrosoricida,Tenrecidae,Echinops,,telfairi,,Echinops_telfairi,
188,'SI_328619_ma_1A_01_04_2013.TIF',SI_328619,Y,Afrosoricida,Tenrecidae,Echinops,,telfairi,,Echinops_telfairi,
189,'SI_328622_ma_1A_01_04_2013.TIF',SI_328622,Y,Afrosoricida,Tenrecidae,Echinops,,telfairi,,Echinops_telfairi,
190,'SI_328624_ma_1A_01_04_2013.TIF',SI_328624,Y,Afrosoricida,Tenrecidae,Echinops,,telfairi,,Echinops_telfairi,
191,'SI_328662_ma_1A_03_04_2013.TIF',SI_328662,Y,Afrosoricida,Tenrecidae,Microgale,,cowani,,Microgale_cowani,
192,'SI_328667_ma_left_flipped_1A_03_04_2013.TIF',SI_328667,Y,Afrosoricida,Tenrecidae,Microgale,,cowani,,Microgale_cowani,
193,'SI_328669_ma_1A_03_04_2013.TIF',SI_328669,Y,Afrosoricida,Tenrecidae,Microgale,,cowani,,Microgale_cowani,
194,'SI_328670_ma_left_flipped_1A_03_04_2013.TIF',SI_328670,Y,Afrosoricida,Tenrecidae,Microgale,,cowani,,Microgale_cowani,
195,'SI_328689_ma_left_flipped_1A_26_03_2013.TIF',SI_328689,Y,Afrosoricida,Tenrecidae,Microgale,,pusilla,,Microgale_pusilla,
196,'SI_328695_ma_1A_03_04_2013.TIF',SI_328695,Y,Afrosoricida,Tenrecidae,Microgale,,dobsoni,,Microgale_dobsoni,
197,'SI_328697_ma_1A_19_04_2013.TIF',SI_328697,Y,Soricomorpha,Soricidae,Suncus,,murinus,,Suncus_murinus,
198,'SI_328698_ma_1A_19_04_2013.TIF',SI_328698,Y,Soricomorpha,Soricidae,Suncus,,murinus,,Suncus_murinus,
199,'SI_328700_ma_1A_19_04_2013.TIF',SI_328700,Y,Soricomorpha,Soricidae,Suncus,,murinus,,Suncus_murinus,
200,'SI_330033_ma_1A_11_04_2013.TIF',SI_330033,Y,Soricomorpha,Talpidae,Mogera,,insularis,,Mogera_insularis,
201,'SI_330034_ma_left_flipped_1A_11_04_2013.TIF',SI_330034,Y,Soricomorpha,Talpidae,Mogera,,insularis,,Mogera_insularis,
202,'SI_330036_ma_1A_11_04_2013.TIF',SI_330036,Y,Soricomorpha,Talpidae,Mogera,,insularis,,Mogera_insularis,
203,'SI_332828_ma_left_flipped_1A_16_04_2013.TIF',SI_332828,Y,Soricomorpha,Soricidae,Anourosorex,,yamashinai,,Anourosorex_yamashinai,
204,'SI_335923_ma_1A_18_04_2013.TIF',SI_335923,Y,Soricomorpha,Soricidae,Cryptotis,,parva,parva,Cryptotis_parva,Cryptotis_parva_parva
205,'SI_341621_ma_1A_05_04_2013.TIF',SI_341621,Y,Afrosoricida,Tenrecidae,Tenrec,,ecaudatus,,Tenrec_ecaudatus,
206,'SI_341624_ma_1A_05_04_2013.TIF',SI_341624,Y,Afrosoricida,Tenrecidae,Tenrec,,ecaudatus,,Tenrec_ecaudatus,
207,'SI_341661_ma_1A_05_04_2013.TIF',SI_341661,Y,Afrosoricida,Tenrecidae,Hemicentetes,,semispinosus,,Hemicentetes_semispinosus,
208,'SI_341688_ma_1A_05_04_2013.TIF',SI_341688,Y,Afrosoricida,Tenrecidae,Hemicentetes,,semispinosus,,Hemicentetes_semispinosus,
209,'SI_341689_ma_1A_05_04_2013.TIF',SI_341689,Y,Afrosoricida,Tenrecidae,Hemicentetes,,semispinosus,,Hemicentetes_semispinosus,
210,'SI_347688_ma_1A_18_04_2013.TIF',SI_347688,Y,Soricomorpha,Soricidae,Cryptotis,,parva,parva,Cryptotis_parva,Cryptotis_parva_parva
211,'SI_348292_ma_1A_18_04_2013.TIF',SI_348292,Y,Soricomorpha,Soricidae,Cryptotis,,parva,parva,Cryptotis_parva,Cryptotis_parva_parva
212,'SI_351334_ma_1A_28_03_2013.TIF',SI_351334,Y,Afrosoricida,Chrysochloridae,Calcochloris,Calcochloris,obtusirostris,,Calcochloris_obtusirostris,
213,'SI_351335_ma_1A_28_03_2013.TIF',SI_351335,Y,Afrosoricida,Chrysochloridae,Calcochloris,Calcochloris,obtusirostris,,Calcochloris_obtusirostris,
214,'SI_351336_ma_1A_28_03_2013.TIF',SI_351336,Y,Afrosoricida,Chrysochloridae,Chrysospalax,,villosus,,Chrysospalax_villosus,
215,'SI_351955_ma_1A_28_03_2013.TIF',SI_351955,Y,Afrosoricida,Chrysochloridae,Calcochloris,Calcochloris,obtusirostris,,Calcochloris_obtusirostris,
216,'SI_358133_ma_1A_16_04_2013.TIF',SI_358133,Y,Soricomorpha,Soricidae,Anourosorex,,yamashinai,,Anourosorex_yamashinai,
217,'SI_361482_ma_1A_17_04_2013.TIF',SI_361482,Y,Afrosoricida,Tenrecidae,Tenrec,,ecaudatus,,Tenrec_ecaudatus,
218,'SI_365001_ma_1A_28_03_2013.TIF',SI_365001,Y,Afrosoricida,Chrysochloridae,Carpitalpa,,arendsi,,Carpitalpa_arendsi,
219,'SI_368925_ma_1A_11_04_2013.TIF',SI_368925,Y,Soricomorpha,Talpidae,Condylura,,cristata,cristata,Condylura_cristata,Condylura_cristata_cristata
220,'SI_369533_ma_1A_05_04_2013.TIF',SI_369533,Y,Erinaceomorpha,Erinaceidae,Erinaceus,,concolor,,Erinaceus_concolor,
221,'SI_37464_ma_1A_05_04_2013.TIF',SI_37464,Y,Erinaceomorpha,Erinaceidae,Erinaceus,,concolor,,Erinaceus_concolor,
222,'SI_380484_ma_1A_28_03_2013.TIF',SI_380484,Y,Afrosoricida,Chrysochloridae,Amblysomus,,hottentotus,,Amblysomus_hottentotus,
223,'SI_380485_ma_1A_28_03_2013.TIF',SI_380485,Y,Afrosoricida,Chrysochloridae,Amblysomus,,hottentotus,,Amblysomus_hottentotus,
224,'SI_380487_ma_1A_28_03_2013.TIF',SI_380487,Y,Erinaceomorpha,Erinaceidae,Atelerix,,frontalis,,Atelerix_frontalis,
225,'SI_381488_ma_1A_28_03_2013.TIF',SI_381488,Y,Afrosoricida,Chrysochloridae,Amblysomus,,hottentotus,,Amblysomus_hottentotus,
226,'SI_395676_ma_1A_26_03_2013.TIF',SI_395676,Y,Afrosoricida,Tenrecidae,Geogale,,aurita,,Geogale_aurita,
227,'SI_395697_ma_1A_01_04_2013.TIF',SI_395697,Y,Soricomorpha,Solenodontidae,Solenodon,,paradoxus,,Solenodon_paradoxus,
228,'SI_395819_ma_1A_01_04_2013.TIF',SI_395819,Y,Soricomorpha,Solenodontidae,Solenodon,,paradoxus,,Solenodon_paradoxus,
229,'SI_449155_ma_1A_16_04_2013.TIF',SI_449155,Y,Soricomorpha,Soricidae,Nectogale,,elegans,,Nectogale_elegans,
230,'SI_449177_ma_1A_03_04_2013.TIF',SI_449177,Y,Afrosoricida,Tenrecidae,Microgale,,taiva,,Microgale_taiva,
231,'SI_449179_ma_1A_26_03_2013.TIF',SI_449179,Y,Afrosoricida,Tenrecidae,Microgale,,gracilis,,Microgale_gracilis,
232,'SI_449192_ma_1A_03_04_2013.TIF',SI_449192,Y,Afrosoricida,Tenrecidae,Microgale,,dobsoni,,Microgale_dobsoni,
233,'SI_468211_ma_1A_28_03_2013.TIF',SI_468211,Y,Erinaceomorpha,Erinaceidae,Atelerix,,frontalis,,Atelerix_frontalis,
234,'SI_468315_ma_1A_03_04_2013.TIF',SI_468315,Y,Afrosoricida,Chrysochloridae,Chrysochloris,,asiatica,,Chrysochloris_asiatica,
235,'SI_468316_ma_1A_03_04_2013.TIF',SI_468316,Y,Afrosoricida,Chrysochloridae,Chrysochloris,,asiatica,,Chrysochloris_asiatica,
236,'SI_468317_ma_1A_03_04_2013.TIF',SI_468317,Y,Afrosoricida,Chrysochloridae,Chrysochloris,,asiatica,,Chrysochloris_asiatica,
237,'SI_468318_ma_1A_03_04_2013.TIF',SI_468318,Y,Afrosoricida,Chrysochloridae,Eremitalpa,,granti,,Eremitalpa_granti,
238,'SI_468319_ma_1A_28_03_2013.TIF',SI_468319,Y,Afrosoricida,Chrysochloridae,Cryptochloris,,wintoni,,Cryptochloris_wintoni,
239,'SI_470211_ma_1A_28_03_2013.TIF',SI_470211,Y,Afrosoricida,Chrysochloridae,Calcochloris,Calcochloris,obtusirostris,,Calcochloris_obtusirostris,
240,'SI_470563_ma_1A_26_03_2013.TIF',SI_470563,Y,Erinaceomorpha,Erinaceidae,Paraechinus,,aethiopicus,deserti,Paraechinus_aethiopicus,
241,'SI_470564_ma_1A_26_03_2013.TIF',SI_470564,Y,Erinaceomorpha,Erinaceidae,Paraechinus,,aethiopicus,deserti,Paraechinus_aethiopicus,
242,'SI_470565_ma_1A_26_03_2013.TIF',SI_470565,Y,Erinaceomorpha,Erinaceidae,Paraechinus,,aethiopicus,deserti,Paraechinus_aethiopicus,
243,'SI_470566_ma_1A_26_03_2013.TIF',SI_470566,Y,Erinaceomorpha,Erinaceidae,Paraechinus,,aethiopicus,deserti,Paraechinus_aethiopicus,
244,'SI_470568_ma_1A_26_03_2013.TIF',SI_470568,Y,Erinaceomorpha,Erinaceidae,Paraechinus,,aethiopicus,deserti,Paraechinus_aethiopicus,
245,'SI_470571_ma_1A_28_03_2013.TIF',SI_470571,Y,Erinaceomorpha,Erinaceidae,Atelerix,,algirus,,Atelerix_algirus,
246,'SI_470572_ma_1A_28_03_2013.TIF',SI_470572,Y,Erinaceomorpha,Erinaceidae,Atelerix,,algirus,,Atelerix_algirus,
247,'SI_470573_ma_3A_28_03_2013.TIF',SI_470573,Y,Erinaceomorpha,Erinaceidae,Atelerix,,algirus,,Atelerix_algirus,
248,'SI_470574_ma_1A_28_03_2013.TIF',SI_470574,Y,Erinaceomorpha,Erinaceidae,Atelerix,,algirus,,Atelerix_algirus,
249,'SI_487894_ma_1A_08_04_2013.TIF',SI_487894,Y,Erinaceomorpha,Erinaceidae,Echinosorex,,gymnura,,Echinosorex_gymnura,
250,'SI_487899_ma_1A_08_04_2013.TIF',SI_487899,Y,Erinaceomorpha,Erinaceidae,Echinosorex,,gymnura,,Echinosorex_gymnura,
251,'SI_537651_ma_1A_05_04_2013.TIF',SI_537651,Y,Afrosoricida,Tenrecidae,Potamogale,,velox,,Potamogale_velox,
252,'SI_574295_ma_1A_16_04_2013.TIF',SI_574295,Y,Soricomorpha,Soricidae,Anourosorex,,squamipes,,Anourosorex_squamipes,
253,'SI_574296_ma_1A_16_04_2013.TIF',SI_574296,Y,Soricomorpha,Soricidae,Nectogale,,elegans,,Nectogale_elegans,
254,'SI_574298_ma_1A_16_04_2013.TIF',SI_574298,Y,Soricomorpha,Talpidae,Uropsilus,,soricipes,,Uropsilus_soricipes,
255,'SI_574301_ma_1A_16_04_2013.TIF',SI_574301,Y,Soricomorpha,Talpidae,Uropsilus,,soricipes,,Uropsilus_soricipes,
256,'SI_574302_ma_1A_16_04_2013.TIF',SI_574302,Y,Soricomorpha,Talpidae,Uropsilus,,soricipes,,Uropsilus_soricipes,
257,'SI_577052_ma_1A_26_03_2013.TIF',SI_577052,Y,Afrosoricida,Tenrecidae,Oryzorictes,,hova,,Oryzorictes_hova,
258,'SI_577055_ma_1A_03_04_2013.TIF',SI_577055,Y,Afrosoricida,Tenrecidae,Microgale,,talazaci,,Microgale_talazaci,
259,'SI_578746_ma_1A_03_04_2013.TIF',SI_578746,Y,Afrosoricida,Tenrecidae,Microgale,,talazaci,,Microgale_talazaci,
260,'SI_578747_cr_ma_1A_03_04_2013.TIF',SI_578747,Y,Afrosoricida,Tenrecidae,Microgale,,talazaci,,Microgale_talazaci,
261,'SI_578753_ma_1A_26_03_2013.TIF',SI_578753,Y,Afrosoricida,Tenrecidae,Microgale,,principula,,Microgale_principula,
262,'SI_578756_ma_1A_26_03_2013.TIF',SI_578756,Y,Afrosoricida,Tenrecidae,Microgale,,principula,,Microgale_principula,
263,'SI_578759_ma_1A_26_03_2013.TIF',SI_578759,Y,Afrosoricida,Tenrecidae,Microgale,,principula,,Microgale_principula,
264,'SI_578760_ma_1A_26_03_2013.TIF',SI_578760,Y,Afrosoricida,Tenrecidae,Microgale,,principula,,Microgale_principula,
265,'SI_578762_ma_1A_26_03_2013.TIF',SI_578762,Y,Afrosoricida,Tenrecidae,Microgale,,principula,,Microgale_principula,
266,'SI_578768_ma_1A_03_04_2013.TIF',SI_578768,Y,Afrosoricida,Tenrecidae,Microgale,,talazaci,,Microgale_talazaci,
267,'SI_578769_ma_1A_03_04_2013.TIF',SI_578769,Y,Afrosoricida,Tenrecidae,Microgale,,talazaci,,Microgale_talazaci,
268,'SI_578772_ma_1A_03_04_2013.TIF',SI_578772,Y,Afrosoricida,Tenrecidae,Microgale,,thomasi,,Microgale_thomasi,
269,'SI_578773_ma_left_flipped_1A_03_04_2013.TIF',SI_578773,Y,Afrosoricida,Tenrecidae,Microgale,,thomasi,,Microgale_thomasi,
270,'SI_578774_ma_1A_03_04_2013.TIF',SI_578774,Y,Afrosoricida,Tenrecidae,Microgale,,thomasi,,Microgale_thomasi,
271,'SI_578775_ma_1A_03_04_2013.TIF',SI_578775,Y,Afrosoricida,Tenrecidae,Microgale,,thomasi,,Microgale_thomasi,
272,'SI_578776_ma_1A_03_04_2013.TIF',SI_578776,Y,Afrosoricida,Tenrecidae,Microgale,,thomasi,,Microgale_thomasi,
273,'SI_578784_ma_left_flipped_1A_26_03_2013.TIF',SI_578784,Y,Afrosoricida,Tenrecidae,Microgale,,parvula,,Microgale_parvula,
274,'SI_578787_ma_1A_26_03_2013.TIF',SI_578787,Y,Afrosoricida,Tenrecidae,Microgale,,fotsifotsy,,Microgale_fotsifotsy,
275,'SI_578789_ma_1A_26_03_2013.TIF',SI_578789,Y,Afrosoricida,Tenrecidae,Oryzorictes,,sp.,,Oryzorictes_sp.,
276,'SI_578791_ma_1A_05_04_2013.TIF',SI_578791,Y,Afrosoricida,Tenrecidae,Tenrec,,ecaudatus,,Tenrec_ecaudatus,
277,'SI_578792_ma_1A_05_04_2013.TIF',SI_578792,Y,Afrosoricida,Tenrecidae,Tenrec,,ecaudatus,,Tenrec_ecaudatus,
278,'SI_584649_ma_1A_28_03_2013.TIF',SI_584649,Y,Afrosoricida,Chrysochloridae,Calcochloris,Huetia,leucorhinus,,Calcochloris_leucorhinus,
279,'SI_584656_ma_1A_19_04_2013.TIF',SI_584656,Y,Soricomorpha,Soricidae,Crocidura,,crenata,,Crocidura_crenata,
280,'SI_584662_ma_1A_19_04_2013.TIF',SI_584662,Y,Soricomorpha,Soricidae,Crocidura,,crenata,,Crocidura_crenata,
281,'SI_584675_ma_1A_18_04_2013.TIF',SI_584675,Y,Soricomorpha,Soricidae,Sylvisorex,,johnstoni,,Sylvisorex_johnstoni,
282,'SI_584676_ma_1A_18_04_2013.TIF',SI_584676,Y,Soricomorpha,Soricidae,Sylvisorex,,johnstoni,,Sylvisorex_johnstoni,
283,'SI_584677_ma_1A_18_04_2013.TIF',SI_584677,Y,Soricomorpha,Soricidae,Sylvisorex,,ollula,,Sylvisorex_ollula,
284,'SI_584678_ma_1A_18_04_2013.TIF',SI_584678,Y,Soricomorpha,Soricidae,Sylvisorex,,ollula,,Sylvisorex_ollula,
285,'SI_584679_ma_1A_18_04_2013.TIF',SI_584679,Y,Soricomorpha,Soricidae,Sylvisorex,,ollula,,Sylvisorex_ollula,
286,'SI_584947_ma_1A_19_04_2013.TIF',SI_584947,Y,Soricomorpha,Soricidae,Crocidura,,crenata,,Crocidura_crenata,
287,'SI_585137_ma_1A_18_04_2013.TIF',SI_585137,Y,Soricomorpha,Soricidae,Sylvisorex,,johnstoni,,Sylvisorex_johnstoni,
288,'SI_589811_ma_1A_16_04_2013.TIF',SI_589811,Y,Soricomorpha,Soricidae,Surdisorex,,norae,,Surdisorex_norae,
289,'SI_589812_ma_1A_16_04_2013.TIF',SI_589812,Y,Soricomorpha,Soricidae,Surdisorex,,norae,,Surdisorex_norae,
290,'SI_63220_ma_1A_28_03_2013.TIF',SI_63220,Y,Erinaceomorpha,Erinaceidae,Atelerix,,sclateri,,Atelerix_sclateri,
291,'SI_67057_ma_flipped_1A_09_04_2013.TIF',SI_67057,Y,Soricomorpha,Soricidae,Sorex,Otisorex,bendirii,bendirii,Sorex_bendirii,Sorex_bendirii_bendirii
292,'SI_67058_ma_left_broken_flipped_1A_09_04_2013.TIF',SI_67058,Y,Soricomorpha,Soricidae,Sorex,Otisorex,bendirii,bendirii,Sorex_bendirii,Sorex_bendirii_bendirii
293,'SI_69153_ma_1A_09_04_2013.TIF',SI_69153,Y,Soricomorpha,Soricidae,Sorex,Sorex,arcticus,arcticus,Sorex_arcticus,Sorex_arcticus_arcticus
294,'SI_69161_ma_1A_09_04_2013.TIF',SI_69161,Y,Soricomorpha,Soricidae,Sorex,Sorex,arcticus,arcticus,Sorex_arcticus,Sorex_arcticus_arcticus
295,'SI_69172_ma_1A_09_04_2013.TIF',SI_69172,Y,Soricomorpha,Soricidae,Sorex,Sorex,arcticus,arcticus,Sorex_arcticus,Sorex_arcticus_arcticus
296,'SI_86009_ma_left_flipped_1A_09_04_2013.TIF',SI_86009,Y,Soricomorpha,Soricidae,Sorex,Sorex,araneus,,Sorex_araneus,
297,'SI_86018_ma_1A_09_04_2013.TIF',SI_86018,Y,Soricomorpha,Soricidae,Sorex,Sorex,araneus,,Sorex_araneus,
298,'SI_87949_ma_left_flipped_1A_09_04_2013.TIF',SI_87949,Y,Soricomorpha,Soricidae,Sorex,Otisorex,bendirii,bendirii,Sorex_bendirii,Sorex_bendirii_bendirii
299,'SI_A02230_ma_1A_01_04_2013.TIF',SI_A02230,Y,Soricomorpha,Solenodontidae,Solenodon,,cubanus,,Solenodon_cubanus,
300,'SI_A37983_ma_1A_01_04_2013.TIF',SI_A37983,Y,Soricomorpha,Solenodontidae,Solenodon,,cubanus,,Solenodon_cubanus,
301,'SI_A49508_ma_1A_01_04_2013.TIF',SI_A49508,Y,Soricomorpha,Solenodontidae,Solenodon,,cubanus,,Solenodon_cubanus,
302,'FMNH_106727_ma_1A_25_09_2013.TIF',FMNH_106727,Y,Erinaceomorpha,Erinaceidae,Paraechinus,,aethiopicus,deserti,Paraechinus_aethiopicus,Paraechinus_aethiopicus_deserti
303,'FMNH_134445_ma_1A_27_09_2013.TIF',FMNH_13445,Y,Soricomorpha,Talpidae,Condylura,,cristata,,Condylura_cristata,
304,'FMNH_153667_ma_1A_27_09_2013.TIF',FMNH_153667,Y,Soricomorpha,Soricidae,Neomys,,fodiens,,Neomys_fodiens,
305,'FMNH_153673_ma_1A_30_09_2013.TIF',FMNH_153673,Y,Soricomorpha,Soricidae,Crocidura,,russula,,Crocidura_russula,
306,'FMNH_153674_ma_1A_30_09_2013.TIF',FMNH_153674,Y,Soricomorpha,Soricidae,Crocidura,,russula,,Crocidura_russula,
307,'FMNH_153675_ma_1A_30_09_2013.TIF',FMNH_153675,Y,Soricomorpha,Soricidae,Crocidura,,russula,,Crocidura_russula,
308,'FMNH_153787_ma_1A_27_09_2013.TIF',FMNH_153787,Y,Soricomorpha,Talpidae,Condylura,,cristata,,Condylura_cristata,
309,'FMNH_156226_cma_1A_01_10_2013.TIF',FMNH_156226,Y,Afrosoricida,Tenrecidae,Oryzorictes,,tetradactylus,,Oryzorictes_tetradactylus,
310,'FMNH_159672_ma_1A_18_09_2013.TIF',FMNH_159672,Y,Afrosoricida,Tenrecidae,Microgale,,monticola,,Microgale_monticola,
311,'FMNH_159673_ma_1A_18_09_2013.TIF',FMNH_159673,Y,Afrosoricida,Tenrecidae,Microgale,,monticola,,Microgale_monticola,
312,'FMNH_159674_ma_1A_18_09_2013.TIF',FMNH_159674,Y,Afrosoricida,Tenrecidae,Microgale,,monticola,,Microgale_monticola,
313,'FMNH_159675_ma_1A_18_09_2013.TIF',FMNH_159675,Y,Afrosoricida,Tenrecidae,Microgale,,monticola,,Microgale_monticola,
314,'FMNH_159676_ma_1A_18_09_2013.TIF',FMNH_159676,Y,Afrosoricida,Tenrecidae,Microgale,,monticola,,Microgale_monticola,
315,'FMNH_162893_ma_left_1A_23_09_2013_flipped.tif',FMNH_162893,Y,Afrosoricida,Tenrecidae,Micropotamogale,,lamottei,,Micropotamogale_lamottei,
316,'FMNH_166040_ma_1A_19_09_2013.TIF',FMNH_166040,Y,Afrosoricida,Tenrecidae,Microgale,,pusilla,,Microgale_pusilla,
317,'FMNH_166111_ma_1A_18_09_2013.TIF',FMNH_166111,Y,Afrosoricida,Tenrecidae,Microgale,,gracilis,,Microgale_gracilis,
318,'FMNH_166112_ma_1A_18_09_2013.TIF',FMNH_166112,Y,Afrosoricida,Tenrecidae,Microgale,,gracilis,,Microgale_gracilis,
319,'FMNH_166113_ma_1A_18_09_2013.TIF',FMNH_166113,Y,Afrosoricida,Tenrecidae,Microgale,,gracilis,,Microgale_gracilis,
320,'FMNH_166145_ma_1A_18_09_2013.TIF',FMNH_166145,Y,Afrosoricida,Tenrecidae,Microgale,,gracilis,,Microgale_gracilis,
321,'FMNH_167427_ma_1A_17_09_2013.TIF',FMNH_167427,Y,Afrosoricida,Tenrecidae,Microgale,,dryas,,Microgale_dryas,
322,'FMNH_167621_ma_1A_01_10_2013.TIF',FMNH_167621,Y,Afrosoricida,Tenrecidae,Microgale,,pusilla,,Microgale_pusilla,
323,'FMNH_173146_ma_1A_30_09_2013.TIF',FMNH_173146,Y,Soricomorpha,Soricidae,Suncus,,madagascariensis,,Suncus_madagascariensis,
324,'FMNH_173148_ma_1A_30_09_2013.TIF',FMNH_173148,Y,Soricomorpha,Soricidae,Suncus,,madagascariensis,,Suncus_madagascariensis,
325,'FMNH_173149_ma_1A_30_09_2013.TIF',FMNH_173149,Y,Soricomorpha,Soricidae,Suncus,,madagascariensis,,Suncus_madagascariensis,
326,'FMNH_176203_ma_1A_17_09_2013.TIF',FMNH_176203,Y,Afrosoricida,Tenrecidae,Geogale,,aurita,,Geogale_aurita,
327,'FMNH_176204_ma_1A_17_09_2013.TIF',FMNH_176204,Y,Afrosoricida,Tenrecidae,Geogale,,aurita,,Geogale_aurita,
328,'FMNH_176211_ma_1A_17_09_2013.TIF',FMNH_176211,Y,Afrosoricida,Tenrecidae,Geogale,,aurita,,Geogale_aurita,
329,'FMNH_176385_ma_1A_17_09_2013.TIF',FMNH_176385,Y,Afrosoricida,Tenrecidae,Microgale,,dryas,,Microgale_dryas,
330,'FMNH_176387_ma_1A_17_09_2013.TIF',FMNH_176387,Y,Afrosoricida,Tenrecidae,Microgale,,dryas,,Microgale_dryas,
331,'FMNH_176389_ma_1A_17_09_2013.TIF',FMNH_176389,Y,Afrosoricida,Tenrecidae,Microgale,,dryas,,Microgale_dryas,
332,'FMNH_176395_ma_1A_17_09_2013.TIF',FMNH_176395,Y,Afrosoricida,Tenrecidae,Microgale,,dryas,,Microgale_dryas,
333,'FMNH_206739_ma_1A_26_09_2013.TIF',FMNH_206739,Y,Soricomorpha,Talpidae,Neurotrichus,,gibbsii,minor,Neurotrichus_gibbsii,Neurotrichus_gibbsii_minor
334,'FMNH_209199_ma_1A_19_09_2013.TIF',FMNH_209199,Y,Afrosoricida,Tenrecidae,Microgale,,grandidieri,,Microgale_grandidieri,
335,'FMNH_209200_ma_1A_19_09_2013.TIF',FMNH_209200,Y,Afrosoricida,Tenrecidae,Microgale,,grandidieri,,Microgale_grandidieri,
336,'FMNH_209201_ma_1A_19_09_2013.TIF',FMNH_209201,Y,Afrosoricida,Tenrecidae,Microgale,,grandidieri,,Microgale_grandidieri,
337,'FMNH_209202_ma_1A_19_09_2013.TIF',FMNH_209202,Y,Afrosoricida,Tenrecidae,Microgale,,grandidieri,,Microgale_grandidieri,
338,'FMNH_209203_ma_1A_19_09_2013.TIF',FMNH_209203,Y,Afrosoricida,Tenrecidae,Microgale,,grandidieri,,Microgale_grandidieri,
339,'FMNH_23515_ma_1A_30_09_2013.TIF',FMNH_23515,Y,Soricomorpha,Soricidae,Sorex,,araneus,,Sorex_araneus,
340,'FMNH_35407_ma_1A_27_09_2013.TIF',FMNH_35407,Y,Soricomorpha,Talpidae,Euroscaptor,,micrura,,Euroscaptor_micrura,
341,'FMNH_35409_ma_1A_27_09_2013.TIF',FMNH_35409,Y,Soricomorpha,Talpidae,Euroscaptor,,micrura,,Euroscaptor_micrura,
342,'FMNH_38115_ma_1A_26_09_2013.TIF',FMNH_38115,Y,Erincaeomorpha,Erinaceidae,Atelerix,,frontalis,,Atelerix_frontalis,
343,'FMNH_38116_ma_1A_26_09_2013.TIF',FMNH_38116,Y,Erincaeomorpha,Erinaceidae,Atelerix,,frontalis,,Atelerix_frontalis,
344,'FMNH_38119_ma_1A_26_09_2013.TIF',FMNH_38119,Y,Erincaeomorpha,Erinaceidae,Atelerix,,frontalis,,Atelerix_frontalis,
345,'FMNH_53073_ma_1A_23_09_2013.TIF',FMNH_53073,Y,Afrosoricida,Chrysochloridae,Amblysomus,,corriae,,Amblysomus_corriae,
346,'FMNH_68736_ma_1A_25_09_2013.TIF',FMNH_68736,Y,Erinaceomorpha,Erinaceidae,Echinosorex,,gymnura,alba,Echinosorex_gymnura,Echinosorex_gymnura_alba
347,'FMNH_68740_ma_1A_25_09_2013.TIF',FMNH_68740,Y,Erinaceomorpha,Erinaceidae,Echinosorex,,gymnura,alba,Echinosorex_gymnura,Echinosorex_gymnura_alba
348,'FMNH_72831_ma_1A_23_09_2013.TIF',FMNH_72831,Y,Afrosoricida,Tenrecidae,Potamogale,,velox,,Potamogale_velox,
349,'FMNH_74927_cr_ma_1A_25_09_2013.TIF',FMNH_74927,Y,Erinaceomorpha,Erinaceidae,Paraechinus,,aethiopicus,deserti,Paraechinus_aethiopicus,Paraechinuse_aethiopicus_deserti
350,'FMNH_81731_ma_1A_23_09_2013.TIF',FMNH_81731,Y,Afrosoricida,Chrysochloridae,Calcochloris,,leucorhinus,leucorhinus,Calcochloris_leucorhinus,Calcochloris_leucorhinus_leucorhinus
351,'FMNH_82116_ma_1A_25_09_2013.TIF',FMNH_82116,Y,Erinaceomorpha,Erinaceidae,Erinaceus,,concolor,,Erinaceus_concolor,
352,'FMNH_82118_ma_1A_25_09_2013.TIF',FMNH_82118,Y,Erinaceomorpha,Erinaceidae,Erinaceus,,concolor,,Erinaceus_concolor,
353,'FMNH_82120_ma_1A_25_09_2013.TIF',FMNH_82120,Y,Erinaceomorpha,Erinaceidae,Erinaceus,,concolor,,Erinaceus_concolor,
354,'FMNH_82582_ma_1A_27_09_2013.TIF',FMNH_82582,Y,Soricomorpha,Talpidae,Euroscaptor,,micrura,,Euroscaptor_micrura,
355,'FMNH_83540_cr_ma_1A_23_09_2013.TIF',FMNH_83540,Y,Afrosoricida,Chrysochloridae,Calcochloris,,leucorhinus,leucorhinus,Calcochloris_leucorhinus,Calcochloris_leucorhinus_leucorhinus
356,'FMNH_96419_ma_1A_27_09_2013.TIF',FMNH_96419,Y,Soricomorpha,Talpidae,Talpa,,caeca,caeca,Talpa_caeca,Talpa_caeca_caeca
357,'FMNH_9725_ma_left_1A_30_09_2013.TIF_flipped.tif',FMNH_9725,Y,Soricomorpha,Soricidae,Sorex,Otisorex,bendirii,palmeri,Sorex_bendirii,Sorex_bendirii_palmeri
358,'FMNH_98438_ma_1A_26_09_2013.TIF',FMNH_98438,Y,Erinaceomorpha,Erinaceidae,Hylomys,,suillus,maxi,Hylomys_suillus,Hylomys_suillus_maxi
359,'FMNH_98439_ma_1A_26_09_2013.TIF',FMNH_98439,Y,Erinaceomorpha,Erinaceidae,Hylomys,,suillus,maxi,Hylomys_suillus,Hylomys_suillus_maxi
